SOL,DATE,Scheme_Code,Scheme_Code_Description,No_of_New_Accounts,Count_of_Deposits_Credit_Txn,Deposit_Amount,Count_of_Withdrawals_Debit_Txn,Withdrawal_Amount,No_of_Accounts_closed  
51830100,15-09-2021,KVN3,NEW KVP 1000,0,0,0,0,0,0
51830100,15-09-2021,KVN4,NEW KVP 5000,0,0,0,0,0,0
51830100,15-09-2021,KVN5,NEW KVP 10000,0,0,0,0,0,0
51830100,15-09-2021,KVN6,NEW KVP 50000,0,0,0,0,0,0
51830100,15-09-2021,KVP16,KVP 2016,0,0,0,0,0,0
51830100,15-09-2021,KVP1,KISAN VIKAS PATRA 100,0,0,0,0,0,0
51830100,15-09-2021,KVP2,KISAN VIKAS PATRA 500,0,0,0,0,0,0
51830100,15-09-2021,KVP3,KISAN VIKAS PATRA 1000,0,0,0,0,0,0
51830100,15-09-2021,KVP4,KISAN VIKAS PATRA 5000,0,0,0,0,0,0
51830100,15-09-2021,KVP5,KISAN VIKAS PATRA 10000,0,0,0,0,0,0
51830100,15-09-2021,KVP6,KISAN VIKAS PATRA 50000,0,0,0,0,0,0
51830100,15-09-2021,KVPX,KISAN VIKAS PATRA - EXCEPTION,0,0,0,0,0,0
51830100,15-09-2021,LARD,RCURRING DEPOSITS HALF WITHDRAWAL,0,0,0,0,0,0
51830100,15-09-2021,LARDX,RCURRING DEPOSITS HALF WITHDRAWAL EXCEPTION,0,0,0,0,0,0
51830100,15-09-2021,LNPPF,LOAN AGAINST PPF,0,0,0,0,0,0
51830100,15-09-2021,LPPFX,LOAN AGAINST PPF EXCEPTION,0,0,0,0,0,0
51830100,15-09-2021,MISE1,MONTHLY INCOME SCHEME- EXCEPTION,0,0,0,0,0,0
51830100,15-09-2021,MISN1,MONTHLY INCOME SCHEME- NORMAL,1,1,"1,10,000.00",1,"42,000.00",1
51830100,15-09-2021,NSC16,NSC VIII,0,0,0,1,"62,005.00",1
51830100,15-09-2021,NSC81,NSC VIII - RS 100,0,0,0,0,0,0
51830100,15-09-2021,NSC82,NSC VIII - RS 500,0,0,0,0,0,0
51830100,15-09-2021,NSC83,NSC VIII - RS 1000,0,0,0,0,0,0
51830100,15-09-2021,NSC84,NSC VIII - RS 5000,0,0,0,0,0,0
51830100,15-09-2021,NSC85,NSC VIII - RS 10000,0,0,0,0,0,0
51830100,15-09-2021,NSC8X,NSC VIII  - EXCEPTION,0,0,0,0,0,0
51830100,15-09-2021,NSN81,NSC VIII - RS 100,0,0,0,0,0,0
51830100,15-09-2021,NSN82,NSC VIII - RS 500,0,0,0,0,0,0
51830100,15-09-2021,NSN83,NSC VIII - RS 1000,0,0,0,0,0,0
51830100,15-09-2021,NSN84,NSC VIII - RS 5000,0,0,0,0,0,0
51830100,15-09-2021,NSN85,NSC VIII - RS 10000,0,0,0,0,0,0
51830100,15-09-2021,NSC91,NSC IX - RS 100,0,0,0,0,0,0
51830100,15-09-2021,NSC92,NSC IX - RS 500,0,0,0,0,0,0
51830100,15-09-2021,NSC93,NSC IX - RS 1000,0,0,0,0,0,0
51830100,15-09-2021,NSC94,NSC IX - RS 5000,0,0,0,0,0,0
51830100,15-09-2021,NSC95,NSC IX - RS 10000,0,0,0,0,0,0
51830100,15-09-2021,NSC9X,NSC IX - EXCEPTION,0,0,0,0,0,0
51830100,15-09-2021,NSS87,NATIONAL SAVINGS SCHEME 87,0,0,0,0,0,0
51830100,15-09-2021,NSS92,NATIONAL SAVINGS SCHEME 92,0,0,0,0,0,0
51830100,15-09-2021,PPF,PUBLIC PROVIDENT FUND,0,4,"16,500.00",0,0,0
51830100,15-09-2021,PPFHU,PUBLIC PROVIDENT FUND - HUF,0,0,0,0,0,0
51830100,15-09-2021,RDIPE,RECURRING DEPOSIT- EXCEPTION,0,0,0,0,0,0
51830100,15-09-2021,RDIPN,RECURRING DEPOSIT- NORMAL,0,127,"1,84,890.00",4,"2,94,242.00",4
51830100,15-09-2021,SBSAN,SAVINGS BANK - SANCHAYIKA  WITH CHEQUE BOOK,0,0,0,0,0,0
51830100,15-09-2021,SBSWC,SAVINGS BANK - SANCHAYIKA  WITHOUT CHEQUE,0,0,0,0,0,0
51830100,15-09-2021,SBBAS,SAVINGS BANK -BASIC SAVING ACCOUNT,0,1,"1,283.00",0,0,0
51830100,15-09-2021,SBCHQ,SAVINGS BANK -GENERAL - WITH CHEQUE BOOK,0,25,"2,95,215.00",13,"11,37,500.00",0
51830100,15-09-2021,SBGEN,SAVINGS BANK -GENERAL - WITHOUT CHEQUE BOOK,2,26,"3,64,262.00",34,"6,19,840.00",0
51830100,15-09-2021,SBDIS,SAVINGS ACCOUNT – DISCONTINUED ACCOUNTS,0,0,0,0,0,0
51830100,15-09-2021,SBPEN,SAVINGS BANK - PENSIONERS WITH CHEQUE BOOK,0,0,0,0,0,0
51830100,15-09-2021,SBPWC,SAVINGS BANK - PENSIONERS WITHOUT CHEQUE BOOK,0,0,0,0,0,0
51830100,15-09-2021,SCDEF,SENIOR CITIZENS SAVINGS SCHEME-RETIRED FROM DEFENCE / NOMINEE,0,0,0,0,0,0
51830100,15-09-2021,SCEXP,SENIOR CITIZENS SAVINGS SCHEME-EXCEPTION,0,0,0,0,0,0
51830100,15-09-2021,SCSCM,SENIOR CITIZENS SAVINGS SCHEME,0,0,0,0,0,0
51830100,15-09-2021,SCVRS,SENIOR CITIZENS SAVINGS SCHEME - VOLUNTARY RETIRMENT,0,0,0,0,0,0
51830100,15-09-2021,SRDEF,SENIOR CITIZENS SAVINGS SCHEME-RETIRED FROM DEFENCE / NOMINEE,0,0,0,0,0,0
51830100,15-09-2021,SRSCM,SENIOR CITIZENS SAVINGS SCHEME,0,0,0,0,0,0
51830100,15-09-2021,SRVRS,SENIOR CITIZENS SAVINGS SCHEME - VOLUNTARY RETIRMENT,0,0,0,0,0,0
51830100,15-09-2021,SSA,SUKANYA SAMRIDDHI YOJANA,0,26,"90,900.00",0,0,0
51830100,15-09-2021,TDIP1,TERM DEPOSIT FOR ONE YEAR,1,1,"9,80,000.00",0,0,0
51830100,15-09-2021,TDIP2,TERM DEPOSIT FOR TWO YEAR,0,0,0,0,0,0
51830100,15-09-2021,TDIP3,TERM DEPOSIT FOR THREE YEAR,0,0,0,0,0,0
51830100,15-09-2021,TDIP5,TERM DEPOSIT FOR FIVE YEAR,0,0,0,0,0,0
51830100,15-09-2021,TDIPE,TERM DEPOSIT EXCEPTION,0,0,0,0,0,0
51830101,15-09-2021,KVN3,NEW KVP 1000,0,0,0,0,0,0
51830101,15-09-2021,KVN4,NEW KVP 5000,0,0,0,0,0,0
51830101,15-09-2021,KVN5,NEW KVP 10000,0,0,0,0,0,0
51830101,15-09-2021,KVN6,NEW KVP 50000,0,0,0,0,0,0
51830101,15-09-2021,KVP16,KVP 2016,0,0,0,0,0,0
51830101,15-09-2021,KVP1,KISAN VIKAS PATRA 100,0,0,0,0,0,0
51830101,15-09-2021,KVP2,KISAN VIKAS PATRA 500,0,0,0,0,0,0
51830101,15-09-2021,KVP3,KISAN VIKAS PATRA 1000,0,0,0,0,0,0
51830101,15-09-2021,KVP4,KISAN VIKAS PATRA 5000,0,0,0,0,0,0
51830101,15-09-2021,KVP5,KISAN VIKAS PATRA 10000,0,0,0,0,0,0
51830101,15-09-2021,KVP6,KISAN VIKAS PATRA 50000,0,0,0,0,0,0
51830101,15-09-2021,KVPX,KISAN VIKAS PATRA - EXCEPTION,0,0,0,0,0,0
51830101,15-09-2021,LARD,RCURRING DEPOSITS HALF WITHDRAWAL,0,0,0,0,0,0
51830101,15-09-2021,LARDX,RCURRING DEPOSITS HALF WITHDRAWAL EXCEPTION,0,0,0,0,0,0
51830101,15-09-2021,LNPPF,LOAN AGAINST PPF,0,0,0,0,0,0
51830101,15-09-2021,LPPFX,LOAN AGAINST PPF EXCEPTION,0,0,0,0,0,0
51830101,15-09-2021,MISE1,MONTHLY INCOME SCHEME- EXCEPTION,0,0,0,0,0,0
51830101,15-09-2021,MISN1,MONTHLY INCOME SCHEME- NORMAL,0,0,0,0,0,0
51830101,15-09-2021,NSC16,NSC VIII,0,0,0,0,0,0
51830101,15-09-2021,NSC81,NSC VIII - RS 100,0,0,0,0,0,0
51830101,15-09-2021,NSC82,NSC VIII - RS 500,0,0,0,0,0,0
51830101,15-09-2021,NSC83,NSC VIII - RS 1000,0,0,0,0,0,0
51830101,15-09-2021,NSC84,NSC VIII - RS 5000,0,0,0,0,0,0
51830101,15-09-2021,NSC85,NSC VIII - RS 10000,0,0,0,0,0,0
51830101,15-09-2021,NSC8X,NSC VIII  - EXCEPTION,0,0,0,0,0,0
51830101,15-09-2021,NSN81,NSC VIII - RS 100,0,0,0,0,0,0
51830101,15-09-2021,NSN82,NSC VIII - RS 500,0,0,0,0,0,0
51830101,15-09-2021,NSN83,NSC VIII - RS 1000,0,0,0,0,0,0
51830101,15-09-2021,NSN84,NSC VIII - RS 5000,0,0,0,0,0,0
51830101,15-09-2021,NSN85,NSC VIII - RS 10000,0,0,0,0,0,0
51830101,15-09-2021,NSC91,NSC IX - RS 100,0,0,0,0,0,0
51830101,15-09-2021,NSC92,NSC IX - RS 500,0,0,0,0,0,0
51830101,15-09-2021,NSC93,NSC IX - RS 1000,0,0,0,0,0,0
51830101,15-09-2021,NSC94,NSC IX - RS 5000,0,0,0,0,0,0
51830101,15-09-2021,NSC95,NSC IX - RS 10000,0,0,0,0,0,0
51830101,15-09-2021,NSC9X,NSC IX - EXCEPTION,0,0,0,0,0,0
51830101,15-09-2021,NSS87,NATIONAL SAVINGS SCHEME 87,0,0,0,0,0,0
51830101,15-09-2021,NSS92,NATIONAL SAVINGS SCHEME 92,0,0,0,0,0,0
51830101,15-09-2021,PPF,PUBLIC PROVIDENT FUND,0,0,0,0,0,0
51830101,15-09-2021,PPFHU,PUBLIC PROVIDENT FUND - HUF,0,0,0,0,0,0
51830101,15-09-2021,RDIPE,RECURRING DEPOSIT- EXCEPTION,0,0,0,0,0,0
51830101,15-09-2021,RDIPN,RECURRING DEPOSIT- NORMAL,0,18,"4,700.00",0,0,0
51830101,15-09-2021,SBSAN,SAVINGS BANK - SANCHAYIKA  WITH CHEQUE BOOK,0,0,0,0,0,0
51830101,15-09-2021,SBSWC,SAVINGS BANK - SANCHAYIKA  WITHOUT CHEQUE,0,0,0,0,0,0
51830101,15-09-2021,SBBAS,SAVINGS BANK -BASIC SAVING ACCOUNT,0,0,0,0,0,0
51830101,15-09-2021,SBCHQ,SAVINGS BANK -GENERAL - WITH CHEQUE BOOK,0,1,637,0,0,0
51830101,15-09-2021,SBGEN,SAVINGS BANK -GENERAL - WITHOUT CHEQUE BOOK,1,3,"50,500.00",15,"60,700.00",0
51830101,15-09-2021,SBDIS,SAVINGS ACCOUNT – DISCONTINUED ACCOUNTS,0,0,0,0,0,0
51830101,15-09-2021,SBPEN,SAVINGS BANK - PENSIONERS WITH CHEQUE BOOK,0,0,0,0,0,0
51830101,15-09-2021,SBPWC,SAVINGS BANK - PENSIONERS WITHOUT CHEQUE BOOK,0,0,0,0,0,0
51830101,15-09-2021,SCDEF,SENIOR CITIZENS SAVINGS SCHEME-RETIRED FROM DEFENCE / NOMINEE,0,0,0,0,0,0
51830101,15-09-2021,SCEXP,SENIOR CITIZENS SAVINGS SCHEME-EXCEPTION,0,0,0,0,0,0
51830101,15-09-2021,SCSCM,SENIOR CITIZENS SAVINGS SCHEME,0,0,0,0,0,0
51830101,15-09-2021,SCVRS,SENIOR CITIZENS SAVINGS SCHEME - VOLUNTARY RETIRMENT,0,0,0,0,0,0
51830101,15-09-2021,SRDEF,SENIOR CITIZENS SAVINGS SCHEME-RETIRED FROM DEFENCE / NOMINEE,0,0,0,0,0,0
51830101,15-09-2021,SRSCM,SENIOR CITIZENS SAVINGS SCHEME,0,0,0,0,0,0
51830101,15-09-2021,SRVRS,SENIOR CITIZENS SAVINGS SCHEME - VOLUNTARY RETIRMENT,0,0,0,0,0,0
51830101,15-09-2021,SSA,SUKANYA SAMRIDDHI YOJANA,0,4,"6,000.00",0,0,0
51830101,15-09-2021,TDIP1,TERM DEPOSIT FOR ONE YEAR,1,1,"45,000.00",0,0,0
51830101,15-09-2021,TDIP2,TERM DEPOSIT FOR TWO YEAR,0,0,0,0,0,0
51830101,15-09-2021,TDIP3,TERM DEPOSIT FOR THREE YEAR,0,0,0,0,0,0
51830101,15-09-2021,TDIP5,TERM DEPOSIT FOR FIVE YEAR,0,0,0,0,0,0
51830101,15-09-2021,TDIPE,TERM DEPOSIT EXCEPTION,0,0,0,0,0,0
51830102,15-09-2021,KVN3,NEW KVP 1000,0,0,0,0,0,0
51830102,15-09-2021,KVN4,NEW KVP 5000,0,0,0,0,0,0
51830102,15-09-2021,KVN5,NEW KVP 10000,0,0,0,0,0,0
51830102,15-09-2021,KVN6,NEW KVP 50000,0,0,0,0,0,0
51830102,15-09-2021,KVP16,KVP 2016,0,0,0,0,0,0
51830102,15-09-2021,KVP1,KISAN VIKAS PATRA 100,0,0,0,0,0,0
51830102,15-09-2021,KVP2,KISAN VIKAS PATRA 500,0,0,0,0,0,0
51830102,15-09-2021,KVP3,KISAN VIKAS PATRA 1000,0,0,0,0,0,0
51830102,15-09-2021,KVP4,KISAN VIKAS PATRA 5000,0,0,0,0,0,0
51830102,15-09-2021,KVP5,KISAN VIKAS PATRA 10000,0,0,0,0,0,0
51830102,15-09-2021,KVP6,KISAN VIKAS PATRA 50000,0,0,0,0,0,0
51830102,15-09-2021,KVPX,KISAN VIKAS PATRA - EXCEPTION,0,0,0,0,0,0
51830102,15-09-2021,LARD,RCURRING DEPOSITS HALF WITHDRAWAL,0,0,0,0,0,0
51830102,15-09-2021,LARDX,RCURRING DEPOSITS HALF WITHDRAWAL EXCEPTION,0,0,0,0,0,0
51830102,15-09-2021,LNPPF,LOAN AGAINST PPF,0,0,0,0,0,0
51830102,15-09-2021,LPPFX,LOAN AGAINST PPF EXCEPTION,0,0,0,0,0,0
51830102,15-09-2021,MISE1,MONTHLY INCOME SCHEME- EXCEPTION,0,0,0,0,0,0
51830102,15-09-2021,MISN1,MONTHLY INCOME SCHEME- NORMAL,0,0,0,0,0,0
51830102,15-09-2021,NSC16,NSC VIII,0,0,0,0,0,0
51830102,15-09-2021,NSC81,NSC VIII - RS 100,0,0,0,0,0,0
51830102,15-09-2021,NSC82,NSC VIII - RS 500,0,0,0,0,0,0
51830102,15-09-2021,NSC83,NSC VIII - RS 1000,0,0,0,0,0,0
51830102,15-09-2021,NSC84,NSC VIII - RS 5000,0,0,0,0,0,0
51830102,15-09-2021,NSC85,NSC VIII - RS 10000,0,0,0,0,0,0
51830102,15-09-2021,NSC8X,NSC VIII  - EXCEPTION,0,0,0,0,0,0
51830102,15-09-2021,NSN81,NSC VIII - RS 100,0,0,0,0,0,0
51830102,15-09-2021,NSN82,NSC VIII - RS 500,0,0,0,0,0,0
51830102,15-09-2021,NSN83,NSC VIII - RS 1000,0,0,0,0,0,0
51830102,15-09-2021,NSN84,NSC VIII - RS 5000,0,0,0,0,0,0
51830102,15-09-2021,NSN85,NSC VIII - RS 10000,0,0,0,0,0,0
51830102,15-09-2021,NSC91,NSC IX - RS 100,0,0,0,0,0,0
51830102,15-09-2021,NSC92,NSC IX - RS 500,0,0,0,0,0,0
51830102,15-09-2021,NSC93,NSC IX - RS 1000,0,0,0,0,0,0
51830102,15-09-2021,NSC94,NSC IX - RS 5000,0,0,0,0,0,0
51830102,15-09-2021,NSC95,NSC IX - RS 10000,0,0,0,0,0,0
51830102,15-09-2021,NSC9X,NSC IX - EXCEPTION,0,0,0,0,0,0
51830102,15-09-2021,NSS87,NATIONAL SAVINGS SCHEME 87,0,0,0,0,0,0
51830102,15-09-2021,NSS92,NATIONAL SAVINGS SCHEME 92,0,0,0,0,0,0
51830102,15-09-2021,PPF,PUBLIC PROVIDENT FUND,0,0,0,0,0,0
51830102,15-09-2021,PPFHU,PUBLIC PROVIDENT FUND - HUF,0,0,0,0,0,0
51830102,15-09-2021,RDIPE,RECURRING DEPOSIT- EXCEPTION,0,0,0,0,0,0
51830102,15-09-2021,RDIPN,RECURRING DEPOSIT- NORMAL,0,7,"3,500.00",0,0,0
51830102,15-09-2021,SBSAN,SAVINGS BANK - SANCHAYIKA  WITH CHEQUE BOOK,0,0,0,0,0,0
51830102,15-09-2021,SBSWC,SAVINGS BANK - SANCHAYIKA  WITHOUT CHEQUE,0,0,0,0,0,0
51830102,15-09-2021,SBBAS,SAVINGS BANK -BASIC SAVING ACCOUNT,0,0,0,0,0,0
51830102,15-09-2021,SBCHQ,SAVINGS BANK -GENERAL - WITH CHEQUE BOOK,0,1,"5,000.00",0,0,0
51830102,15-09-2021,SBGEN,SAVINGS BANK -GENERAL - WITHOUT CHEQUE BOOK,0,15,"97,847.00",8,"2,02,200.00",0
51830102,15-09-2021,SBDIS,SAVINGS ACCOUNT – DISCONTINUED ACCOUNTS,0,0,0,0,0,0
51830102,15-09-2021,SBPEN,SAVINGS BANK - PENSIONERS WITH CHEQUE BOOK,0,0,0,0,0,0
51830102,15-09-2021,SBPWC,SAVINGS BANK - PENSIONERS WITHOUT CHEQUE BOOK,0,0,0,0,0,0
51830102,15-09-2021,SCDEF,SENIOR CITIZENS SAVINGS SCHEME-RETIRED FROM DEFENCE / NOMINEE,0,0,0,0,0,0
51830102,15-09-2021,SCEXP,SENIOR CITIZENS SAVINGS SCHEME-EXCEPTION,0,0,0,0,0,0
51830102,15-09-2021,SCSCM,SENIOR CITIZENS SAVINGS SCHEME,0,0,0,0,0,0
51830102,15-09-2021,SCVRS,SENIOR CITIZENS SAVINGS SCHEME - VOLUNTARY RETIRMENT,0,0,0,0,0,0
51830102,15-09-2021,SRDEF,SENIOR CITIZENS SAVINGS SCHEME-RETIRED FROM DEFENCE / NOMINEE,0,0,0,0,0,0
51830102,15-09-2021,SRSCM,SENIOR CITIZENS SAVINGS SCHEME,0,0,0,0,0,0
51830102,15-09-2021,SRVRS,SENIOR CITIZENS SAVINGS SCHEME - VOLUNTARY RETIRMENT,0,0,0,0,0,0
51830102,15-09-2021,SSA,SUKANYA SAMRIDDHI YOJANA,0,12,"20,300.00",0,0,0
51830102,15-09-2021,TDIP1,TERM DEPOSIT FOR ONE YEAR,1,1,"1,50,000.00",1,"75,000.00",1
51830102,15-09-2021,TDIP2,TERM DEPOSIT FOR TWO YEAR,0,0,0,0,0,0
51830102,15-09-2021,TDIP3,TERM DEPOSIT FOR THREE YEAR,0,0,0,0,0,0
51830102,15-09-2021,TDIP5,TERM DEPOSIT FOR FIVE YEAR,0,0,0,0,0,0
51830102,15-09-2021,TDIPE,TERM DEPOSIT EXCEPTION,0,0,0,0,0,0
51830104,15-09-2021,KVN3,NEW KVP 1000,0,0,0,0,0,0
51830104,15-09-2021,KVN4,NEW KVP 5000,0,0,0,0,0,0
51830104,15-09-2021,KVN5,NEW KVP 10000,0,0,0,0,0,0
51830104,15-09-2021,KVN6,NEW KVP 50000,0,0,0,0,0,0
51830104,15-09-2021,KVP16,KVP 2016,0,0,0,0,0,0
51830104,15-09-2021,KVP1,KISAN VIKAS PATRA 100,0,0,0,0,0,0
51830104,15-09-2021,KVP2,KISAN VIKAS PATRA 500,0,0,0,0,0,0
51830104,15-09-2021,KVP3,KISAN VIKAS PATRA 1000,0,0,0,0,0,0
51830104,15-09-2021,KVP4,KISAN VIKAS PATRA 5000,0,0,0,0,0,0
51830104,15-09-2021,KVP5,KISAN VIKAS PATRA 10000,0,0,0,0,0,0
51830104,15-09-2021,KVP6,KISAN VIKAS PATRA 50000,0,0,0,0,0,0
51830104,15-09-2021,KVPX,KISAN VIKAS PATRA - EXCEPTION,0,0,0,0,0,0
51830104,15-09-2021,LARD,RCURRING DEPOSITS HALF WITHDRAWAL,0,0,0,0,0,0
51830104,15-09-2021,LARDX,RCURRING DEPOSITS HALF WITHDRAWAL EXCEPTION,0,0,0,0,0,0
51830104,15-09-2021,LNPPF,LOAN AGAINST PPF,0,0,0,0,0,0
51830104,15-09-2021,LPPFX,LOAN AGAINST PPF EXCEPTION,0,0,0,0,0,0
51830104,15-09-2021,MISE1,MONTHLY INCOME SCHEME- EXCEPTION,0,0,0,0,0,0
51830104,15-09-2021,MISN1,MONTHLY INCOME SCHEME- NORMAL,0,0,0,0,0,0
51830104,15-09-2021,NSC16,NSC VIII,0,0,0,0,0,0
51830104,15-09-2021,NSC81,NSC VIII - RS 100,0,0,0,0,0,0
51830104,15-09-2021,NSC82,NSC VIII - RS 500,0,0,0,0,0,0
51830104,15-09-2021,NSC83,NSC VIII - RS 1000,0,0,0,0,0,0
51830104,15-09-2021,NSC84,NSC VIII - RS 5000,0,0,0,0,0,0
51830104,15-09-2021,NSC85,NSC VIII - RS 10000,0,0,0,0,0,0
51830104,15-09-2021,NSC8X,NSC VIII  - EXCEPTION,0,0,0,0,0,0
51830104,15-09-2021,NSN81,NSC VIII - RS 100,0,0,0,0,0,0
51830104,15-09-2021,NSN82,NSC VIII - RS 500,0,0,0,0,0,0
51830104,15-09-2021,NSN83,NSC VIII - RS 1000,0,0,0,0,0,0
51830104,15-09-2021,NSN84,NSC VIII - RS 5000,0,0,0,0,0,0
51830104,15-09-2021,NSN85,NSC VIII - RS 10000,0,0,0,0,0,0
51830104,15-09-2021,NSC91,NSC IX - RS 100,0,0,0,0,0,0
51830104,15-09-2021,NSC92,NSC IX - RS 500,0,0,0,0,0,0
51830104,15-09-2021,NSC93,NSC IX - RS 1000,0,0,0,0,0,0
51830104,15-09-2021,NSC94,NSC IX - RS 5000,0,0,0,0,0,0
51830104,15-09-2021,NSC95,NSC IX - RS 10000,0,0,0,0,0,0
51830104,15-09-2021,NSC9X,NSC IX - EXCEPTION,0,0,0,0,0,0
51830104,15-09-2021,NSS87,NATIONAL SAVINGS SCHEME 87,0,0,0,0,0,0
51830104,15-09-2021,NSS92,NATIONAL SAVINGS SCHEME 92,0,0,0,0,0,0
51830104,15-09-2021,PPF,PUBLIC PROVIDENT FUND,0,0,0,0,0,0
51830104,15-09-2021,PPFHU,PUBLIC PROVIDENT FUND - HUF,0,0,0,0,0,0
51830104,15-09-2021,RDIPE,RECURRING DEPOSIT- EXCEPTION,0,0,0,0,0,0
51830104,15-09-2021,RDIPN,RECURRING DEPOSIT- NORMAL,0,13,"24,000.00",0,0,0
51830104,15-09-2021,SBSAN,SAVINGS BANK - SANCHAYIKA  WITH CHEQUE BOOK,0,0,0,0,0,0
51830104,15-09-2021,SBSWC,SAVINGS BANK - SANCHAYIKA  WITHOUT CHEQUE,0,0,0,0,0,0
51830104,15-09-2021,SBBAS,SAVINGS BANK -BASIC SAVING ACCOUNT,0,0,0,0,0,0
51830104,15-09-2021,SBCHQ,SAVINGS BANK -GENERAL - WITH CHEQUE BOOK,0,0,0,0,0,0
51830104,15-09-2021,SBGEN,SAVINGS BANK -GENERAL - WITHOUT CHEQUE BOOK,0,4,"5,028.00",2,"2,774.00",1
51830104,15-09-2021,SBDIS,SAVINGS ACCOUNT – DISCONTINUED ACCOUNTS,0,0,0,0,0,0
51830104,15-09-2021,SBPEN,SAVINGS BANK - PENSIONERS WITH CHEQUE BOOK,0,0,0,0,0,0
51830104,15-09-2021,SBPWC,SAVINGS BANK - PENSIONERS WITHOUT CHEQUE BOOK,0,0,0,0,0,0
51830104,15-09-2021,SCDEF,SENIOR CITIZENS SAVINGS SCHEME-RETIRED FROM DEFENCE / NOMINEE,0,0,0,0,0,0
51830104,15-09-2021,SCEXP,SENIOR CITIZENS SAVINGS SCHEME-EXCEPTION,0,0,0,0,0,0
51830104,15-09-2021,SCSCM,SENIOR CITIZENS SAVINGS SCHEME,0,0,0,0,0,0
51830104,15-09-2021,SCVRS,SENIOR CITIZENS SAVINGS SCHEME - VOLUNTARY ,0,0,0,0,0,0
51830104,15-09-2021,SRDEF,SENIOR CITIZENS SAVINGS SCHEME-RETIRED FROM DEFENCE / NOMINEE,0,0,0,0,0,0
51830104,15-09-2021,SRSCM,SENIOR CITIZENS SAVINGS SCHEME,0,0,0,0,0,0
51830104,15-09-2021,SRVRS,SENIOR CITIZENS SAVINGS SCHEME - VOLUNTARY RETIRMENT,0,0,0,0,0,0
51830104,15-09-2021,SSA,SUKANYA SAMRIDDHI YOJANA,0,3,"7,500.00",0,0,0
51830104,15-09-2021,TDIP1,TERM DEPOSIT FOR ONE YEAR,0,0,0,0,0,0
51830104,15-09-2021,TDIP2,TERM DEPOSIT FOR TWO YEAR,0,0,0,0,0,0
51830104,15-09-2021,TDIP3,TERM DEPOSIT FOR THREE YEAR,0,0,0,0,0,0
51830104,15-09-2021,TDIP5,TERM DEPOSIT FOR FIVE YEAR,0,0,0,0,0,0
51830104,15-09-2021,TDIPE,TERM DEPOSIT EXCEPTION,0,0,0,0,0,0
51830201,15-09-2021,KVN3,NEW KVP 1000,0,0,0,0,0,0
51830201,15-09-2021,KVN4,NEW KVP 5000,0,0,0,0,0,0
51830201,15-09-2021,KVN5,NEW KVP 10000,0,0,0,0,0,0
51830201,15-09-2021,KVN6,NEW KVP 50000,0,0,0,0,0,0
51830201,15-09-2021,KVP16,KVP 2016,0,0,0,0,0,0
51830201,15-09-2021,KVP1,KISAN VIKAS PATRA 100,0,0,0,0,0,0
51830201,15-09-2021,KVP2,KISAN VIKAS PATRA 500,0,0,0,0,0,0
51830201,15-09-2021,KVP3,KISAN VIKAS PATRA 1000,0,0,0,0,0,0
51830201,15-09-2021,KVP4,KISAN VIKAS PATRA 5000,0,0,0,0,0,0
51830201,15-09-2021,KVP5,KISAN VIKAS PATRA 10000,0,0,0,0,0,0
51830201,15-09-2021,KVP6,KISAN VIKAS PATRA 50000,0,0,0,0,0,0
51830201,15-09-2021,KVPX,KISAN VIKAS PATRA - EXCEPTION,0,0,0,0,0,0
51830201,15-09-2021,LARD,RCURRING DEPOSITS HALF WITHDRAWAL,0,0,0,0,0,0
51830201,15-09-2021,LARDX,RCURRING DEPOSITS HALF WITHDRAWAL EXCEPTION,0,0,0,0,0,0
51830201,15-09-2021,LNPPF,LOAN AGAINST PPF,0,0,0,0,0,0
51830201,15-09-2021,LPPFX,LOAN AGAINST PPF EXCEPTION,0,0,0,0,0,0
51830201,15-09-2021,MISE1,MONTHLY INCOME SCHEME- EXCEPTION,0,0,0,0,0,0
51830201,15-09-2021,MISN1,MONTHLY INCOME SCHEME- NORMAL,0,0,0,0,0,0
51830201,15-09-2021,NSC16,NSC VIII,0,0,0,0,0,0
51830201,15-09-2021,NSC81,NSC VIII - RS 100,0,0,0,0,0,0
51830201,15-09-2021,NSC82,NSC VIII - RS 500,0,0,0,0,0,0
51830201,15-09-2021,NSC83,NSC VIII - RS 1000,0,0,0,0,0,0
51830201,15-09-2021,NSC84,NSC VIII - RS 5000,0,0,0,0,0,0
51830201,15-09-2021,NSC85,NSC VIII - RS 10000,0,0,0,0,0,0
51830201,15-09-2021,NSC8X,NSC VIII  - EXCEPTION,0,0,0,0,0,0
51830201,15-09-2021,NSN81,NSC VIII - RS 100,0,0,0,0,0,0
51830201,15-09-2021,NSN82,NSC VIII - RS 500,0,0,0,0,0,0
51830201,15-09-2021,NSN83,NSC VIII - RS 1000,0,0,0,0,0,0
51830201,15-09-2021,NSN84,NSC VIII - RS 5000,0,0,0,0,0,0
51830201,15-09-2021,NSN85,NSC VIII - RS 10000,0,0,0,0,0,0
51830201,15-09-2021,NSC91,NSC IX - RS 100,0,0,0,0,0,0
51830201,15-09-2021,NSC92,NSC IX - RS 500,0,0,0,0,0,0
51830201,15-09-2021,NSC93,NSC IX - RS 1000,0,0,0,0,0,0
51830201,15-09-2021,NSC94,NSC IX - RS 5000,0,0,0,0,0,0
51830201,15-09-2021,NSC95,NSC IX - RS 10000,0,0,0,0,0,0
51830201,15-09-2021,NSC9X,NSC IX - EXCEPTION,0,0,0,0,0,0
51830201,15-09-2021,NSS87,NATIONAL SAVINGS SCHEME 87,0,0,0,0,0,0
51830201,15-09-2021,NSS92,NATIONAL SAVINGS SCHEME 92,0,0,0,0,0,0
51830201,15-09-2021,PPF,PUBLIC PROVIDENT FUND,0,0,0,0,0,0
51830201,15-09-2021,PPFHU,PUBLIC PROVIDENT FUND - HUF,0,0,0,0,0,0
51830201,15-09-2021,RDIPE,RECURRING DEPOSIT- EXCEPTION,0,0,0,0,0,0
51830201,15-09-2021,RDIPN,RECURRING DEPOSIT- NORMAL,1,6,"10,400.00",1,"21,446.00",1
51830201,15-09-2021,SBSAN,SAVINGS BANK - SANCHAYIKA  WITH CHEQUE BOOK,0,0,0,0,0,0
51830201,15-09-2021,SBSWC,SAVINGS BANK - SANCHAYIKA  WITHOUT CHEQUE,0,0,0,0,0,0
51830201,15-09-2021,SBBAS,SAVINGS BANK -BASIC SAVING ACCOUNT,0,0,0,0,0,0
51830201,15-09-2021,SBCHQ,SAVINGS BANK -GENERAL - WITH CHEQUE BOOK,0,0,0,0,0,0
51830201,15-09-2021,SBGEN,SAVINGS BANK -GENERAL - WITHOUT CHEQUE BOOK,6,10,"26,679.00",1,"2,400.00",1
51830201,15-09-2021,SBDIS,SAVINGS ACCOUNT – DISCONTINUED ACCOUNTS,0,0,0,0,0,0
51830201,15-09-2021,SBPEN,SAVINGS BANK - PENSIONERS WITH CHEQUE BOOK,0,0,0,0,0,0
51830201,15-09-2021,SBPWC,SAVINGS BANK - PENSIONERS WITHOUT CHEQUE BOOK,0,0,0,0,0,0
51830201,15-09-2021,SCDEF,SENIOR CITIZENS SAVINGS SCHEME-RETIRED FROM DEFENCE / NOMINEE,0,0,0,0,0,0
51830201,15-09-2021,SCEXP,SENIOR CITIZENS SAVINGS SCHEME-EXCEPTION,0,0,0,0,0,0
51830201,15-09-2021,SCSCM,SENIOR CITIZENS SAVINGS SCHEME,0,0,0,0,0,0
51830201,15-09-2021,SCVRS,SENIOR CITIZENS SAVINGS SCHEME - VOLUNTARY RETIRMENT,0,0,0,0,0,0
51830201,15-09-2021,SRDEF,SENIOR CITIZENS SAVINGS SCHEME-RETIRED FROM DEFENCE / NOMINEE,0,0,0,0,0,0
51830201,15-09-2021,SRSCM,SENIOR CITIZENS SAVINGS SCHEME,0,0,0,0,0,0
51830201,15-09-2021,SRVRS,SENIOR CITIZENS SAVINGS SCHEME - VOLUNTARY RETIRMENT,0,0,0,0,0,0
51830201,15-09-2021,SSA,SUKANYA SAMRIDDHI YOJANA,0,2,"3,000.00",0,0,0
51830201,15-09-2021,TDIP1,TERM DEPOSIT FOR ONE YEAR,0,0,0,0,0,0
51830201,15-09-2021,TDIP2,TERM DEPOSIT FOR TWO YEAR,0,0,0,0,0,0
51830201,15-09-2021,TDIP3,TERM DEPOSIT FOR THREE YEAR,0,0,0,0,0,0
51830201,15-09-2021,TDIP5,TERM DEPOSIT FOR FIVE YEAR,0,0,0,0,0,0
51830201,15-09-2021,TDIPE,TERM DEPOSIT EXCEPTION,0,0,0,0,0,0
51830801,15-09-2021,KVN3,NEW KVP 1000,0,0,0,0,0,0
51830801,15-09-2021,KVN4,NEW KVP 5000,0,0,0,0,0,0
51830801,15-09-2021,KVN5,NEW KVP 10000,0,0,0,0,0,0
51830801,15-09-2021,KVN6,NEW KVP 50000,0,0,0,0,0,0
51830801,15-09-2021,KVP16,KVP 2016,0,0,0,0,0,0
51830801,15-09-2021,KVP1,KISAN VIKAS PATRA 100,0,0,0,0,0,0
51830801,15-09-2021,KVP2,KISAN VIKAS PATRA 500,0,0,0,0,0,0
51830801,15-09-2021,KVP3,KISAN VIKAS PATRA 1000,0,0,0,0,0,0
51830801,15-09-2021,KVP4,KISAN VIKAS PATRA 5000,0,0,0,0,0,0
51830801,15-09-2021,KVP5,KISAN VIKAS PATRA 10000,0,0,0,0,0,0
51830801,15-09-2021,KVP6,KISAN VIKAS PATRA 50000,0,0,0,0,0,0
51830801,15-09-2021,KVPX,KISAN VIKAS PATRA - EXCEPTION,0,0,0,0,0,0
51830801,15-09-2021,LARD,RCURRING DEPOSITS HALF WITHDRAWAL,0,0,0,0,0,0
51830801,15-09-2021,LARDX,RCURRING DEPOSITS HALF WITHDRAWAL EXCEPTION,0,0,0,0,0,0
51830801,15-09-2021,LNPPF,LOAN AGAINST PPF,0,0,0,0,0,0
51830801,15-09-2021,LPPFX,LOAN AGAINST PPF EXCEPTION,0,0,0,0,0,0
51830801,15-09-2021,MISE1,MONTHLY INCOME SCHEME- EXCEPTION,0,0,0,0,0,0
51830801,15-09-2021,MISN1,MONTHLY INCOME SCHEME- NORMAL,0,0,0,0,0,0
51830801,15-09-2021,NSC16,NSC VIII,0,0,0,0,0,0
51830801,15-09-2021,NSC81,NSC VIII - RS 100,0,0,0,0,0,0
51830801,15-09-2021,NSC82,NSC VIII - RS 500,0,0,0,0,0,0
51830801,15-09-2021,NSC83,NSC VIII - RS 1000,0,0,0,0,0,0
51830801,15-09-2021,NSC84,NSC VIII - RS 5000,0,0,0,0,0,0
51830801,15-09-2021,NSC85,NSC VIII - RS 10000,0,0,0,0,0,0
51830801,15-09-2021,NSC8X,NSC VIII  - EXCEPTION,0,0,0,0,0,0
51830801,15-09-2021,NSN81,NSC VIII - RS 100,0,0,0,0,0,0
51830801,15-09-2021,NSN82,NSC VIII - RS 500,0,0,0,0,0,0
51830801,15-09-2021,NSN83,NSC VIII - RS 1000,0,0,0,0,0,0
51830801,15-09-2021,NSN84,NSC VIII - RS 5000,0,0,0,0,0,0
51830801,15-09-2021,NSN85,NSC VIII - RS 10000,0,0,0,0,0,0
51830801,15-09-2021,NSC91,NSC IX - RS 100,0,0,0,0,0,0
51830801,15-09-2021,NSC92,NSC IX - RS 500,0,0,0,0,0,0
51830801,15-09-2021,NSC93,NSC IX - RS 1000,0,0,0,0,0,0
51830801,15-09-2021,NSC94,NSC IX - RS 5000,0,0,0,0,0,0
51830801,15-09-2021,NSC95,NSC IX - RS 10000,0,0,0,0,0,0
51830801,15-09-2021,NSC9X,NSC IX - EXCEPTION,0,0,0,0,0,0
51830801,15-09-2021,NSS87,NATIONAL SAVINGS SCHEME 87,0,0,0,0,0,0
51830801,15-09-2021,NSS92,NATIONAL SAVINGS SCHEME 92,0,0,0,0,0,0
51830801,15-09-2021,PPF,PUBLIC PROVIDENT FUND,0,0,0,0,0,0
51830801,15-09-2021,PPFHU,PUBLIC PROVIDENT FUND - HUF,0,0,0,0,0,0
51830801,15-09-2021,RDIPE,RECURRING DEPOSIT- EXCEPTION,0,0,0,0,0,0
51830801,15-09-2021,RDIPN,RECURRING DEPOSIT- NORMAL,0,0,0,1,"4,000.00",1
51830801,15-09-2021,SBSAN,SAVINGS BANK - SANCHAYIKA  WITH CHEQUE BOOK,0,0,0,0,0,0
51830801,15-09-2021,SBSWC,SAVINGS BANK - SANCHAYIKA  WITHOUT CHEQUE,0,0,0,0,0,0
51830801,15-09-2021,SBBAS,SAVINGS BANK -BASIC SAVING ACCOUNT,0,0,0,0,0,0
51830801,15-09-2021,SBCHQ,SAVINGS BANK -GENERAL - WITH CHEQUE BOOK,0,0,0,0,0,0
51830801,15-09-2021,SBGEN,SAVINGS BANK -GENERAL - WITHOUT CHEQUE BOOK,0,2,"15,500.00",0,0,0
51830801,15-09-2021,SBDIS,SAVINGS ACCOUNT – DISCONTINUED ACCOUNTS,0,0,0,0,0,0
51830801,15-09-2021,SBPEN,SAVINGS BANK - PENSIONERS WITH CHEQUE BOOK,0,0,0,0,0,0
51830801,15-09-2021,SBPWC,SAVINGS BANK - PENSIONERS WITHOUT CHEQUE BOOK,0,0,0,0,0,0
51830801,15-09-2021,SCDEF,SENIOR CITIZENS SAVINGS SCHEME-RETIRED FROM DEFENCE / NOMINEE,0,0,0,0,0,0
51830801,15-09-2021,SCEXP,SENIOR CITIZENS SAVINGS SCHEME-EXCEPTION,0,0,0,0,0,0
51830801,15-09-2021,SCSCM,SENIOR CITIZENS SAVINGS SCHEME,0,0,0,0,0,0
51830801,15-09-2021,SCVRS,SENIOR CITIZENS SAVINGS SCHEME - VOLUNTARY ,0,0,0,0,0,0
51830801,15-09-2021,SRDEF,SENIOR CITIZENS SAVINGS SCHEME-RETIRED FROM DEFENCE / NOMINEE,0,0,0,0,0,0
51830801,15-09-2021,SRSCM,SENIOR CITIZENS SAVINGS SCHEME,0,0,0,0,0,0
51830801,15-09-2021,SRVRS,SENIOR CITIZENS SAVINGS SCHEME - VOLUNTARY RETIRMENT,0,0,0,0,0,0
51830801,15-09-2021,SSA,SUKANYA SAMRIDDHI YOJANA,0,0,0,0,0,0
51830801,15-09-2021,TDIP1,TERM DEPOSIT FOR ONE YEAR,0,0,0,0,0,0
51830801,15-09-2021,TDIP2,TERM DEPOSIT FOR TWO YEAR,0,0,0,0,0,0
51830801,15-09-2021,TDIP3,TERM DEPOSIT FOR THREE YEAR,0,0,0,0,0,0
51830801,15-09-2021,TDIP5,TERM DEPOSIT FOR FIVE YEAR,0,0,0,0,0,0
51830801,15-09-2021,TDIPE,TERM DEPOSIT EXCEPTION,0,0,0,0,0,0
51831301,15-09-2021,KVN3,NEW KVP 1000,0,0,0,0,0,0
51831301,15-09-2021,KVN4,NEW KVP 5000,0,0,0,0,0,0
51831301,15-09-2021,KVN5,NEW KVP 10000,0,0,0,0,0,0
51831301,15-09-2021,KVN6,NEW KVP 50000,0,0,0,0,0,0
51831301,15-09-2021,KVP16,KVP 2016,0,0,0,0,0,0
51831301,15-09-2021,KVP1,KISAN VIKAS PATRA 100,0,0,0,0,0,0
51831301,15-09-2021,KVP2,KISAN VIKAS PATRA 500,0,0,0,0,0,0
51831301,15-09-2021,KVP3,KISAN VIKAS PATRA 1000,0,0,0,0,0,0
51831301,15-09-2021,KVP4,KISAN VIKAS PATRA 5000,0,0,0,0,0,0
51831301,15-09-2021,KVP5,KISAN VIKAS PATRA 10000,0,0,0,0,0,0
51831301,15-09-2021,KVP6,KISAN VIKAS PATRA 50000,0,0,0,0,0,0
51831301,15-09-2021,KVPX,KISAN VIKAS PATRA - EXCEPTION,0,0,0,0,0,0
51831301,15-09-2021,LARD,RCURRING DEPOSITS HALF WITHDRAWAL,0,0,0,0,0,0
51831301,15-09-2021,LARDX,RCURRING DEPOSITS HALF WITHDRAWAL EXCEPTION,0,0,0,0,0,0
51831301,15-09-2021,LNPPF,LOAN AGAINST PPF,0,0,0,0,0,0
51831301,15-09-2021,LPPFX,LOAN AGAINST PPF EXCEPTION,0,0,0,0,0,0
51831301,15-09-2021,MISE1,MONTHLY INCOME SCHEME- EXCEPTION,0,0,0,0,0,0
51831301,15-09-2021,MISN1,MONTHLY INCOME SCHEME- NORMAL,0,0,0,0,0,0
51831301,15-09-2021,NSC16,NSC VIII,0,0,0,0,0,0
51831301,15-09-2021,NSC81,NSC VIII - RS 100,0,0,0,0,0,0
51831301,15-09-2021,NSC82,NSC VIII - RS 500,0,0,0,0,0,0
51831301,15-09-2021,NSC83,NSC VIII - RS 1000,0,0,0,0,0,0
51831301,15-09-2021,NSC84,NSC VIII - RS 5000,0,0,0,0,0,0
51831301,15-09-2021,NSC85,NSC VIII - RS 10000,0,0,0,0,0,0
51831301,15-09-2021,NSC8X,NSC VIII  - EXCEPTION,0,0,0,0,0,0
51831301,15-09-2021,NSN81,NSC VIII - RS 100,0,0,0,0,0,0
51831301,15-09-2021,NSN82,NSC VIII - RS 500,0,0,0,0,0,0
51831301,15-09-2021,NSN83,NSC VIII - RS 1000,0,0,0,0,0,0
51831301,15-09-2021,NSN84,NSC VIII - RS 5000,0,0,0,0,0,0
51831301,15-09-2021,NSN85,NSC VIII - RS 10000,0,0,0,0,0,0
51831301,15-09-2021,NSC91,NSC IX - RS 100,0,0,0,0,0,0
51831301,15-09-2021,NSC92,NSC IX - RS 500,0,0,0,0,0,0
51831301,15-09-2021,NSC93,NSC IX - RS 1000,0,0,0,0,0,0
51831301,15-09-2021,NSC94,NSC IX - RS 5000,0,0,0,0,0,0
51831301,15-09-2021,NSC95,NSC IX - RS 10000,0,0,0,0,0,0
51831301,15-09-2021,NSC9X,NSC IX - EXCEPTION,0,0,0,0,0,0
51831301,15-09-2021,NSS87,NATIONAL SAVINGS SCHEME 87,0,0,0,0,0,0
51831301,15-09-2021,NSS92,NATIONAL SAVINGS SCHEME 92,0,0,0,0,0,0
51831301,15-09-2021,PPF,PUBLIC PROVIDENT FUND,0,0,0,0,0,0
51831301,15-09-2021,PPFHU,PUBLIC PROVIDENT FUND - HUF,0,0,0,0,0,0
51831301,15-09-2021,RDIPE,RECURRING DEPOSIT- EXCEPTION,0,0,0,0,0,0
51831301,15-09-2021,RDIPN,RECURRING DEPOSIT- NORMAL,2,3,"2,000.00",1,"36,349.00",1
51831301,15-09-2021,SBSAN,SAVINGS BANK - SANCHAYIKA  WITH CHEQUE BOOK,0,0,0,0,0,0
51831301,15-09-2021,SBSWC,SAVINGS BANK - SANCHAYIKA  WITHOUT CHEQUE,0,0,0,0,0,0
51831301,15-09-2021,SBBAS,SAVINGS BANK -BASIC SAVING ACCOUNT,0,0,0,0,0,0
51831301,15-09-2021,SBCHQ,SAVINGS BANK -GENERAL - WITH CHEQUE BOOK,0,0,0,0,0,0
51831301,15-09-2021,SBGEN,SAVINGS BANK -GENERAL - WITHOUT CHEQUE BOOK,0,8,"50,257.00",2,"59,000.00",0
51831301,15-09-2021,SBDIS,SAVINGS ACCOUNT – DISCONTINUED ACCOUNTS,0,0,0,0,0,0
51831301,15-09-2021,SBPEN,SAVINGS BANK - PENSIONERS WITH CHEQUE BOOK,0,0,0,0,0,0
51831301,15-09-2021,SBPWC,SAVINGS BANK - PENSIONERS WITHOUT CHEQUE BOOK,0,0,0,0,0,0
51831301,15-09-2021,SCDEF,SENIOR CITIZENS SAVINGS SCHEME-RETIRED FROM DEFENCE / NOMINEE,0,0,0,0,0,0
51831301,15-09-2021,SCEXP,SENIOR CITIZENS SAVINGS SCHEME-EXCEPTION,0,0,0,0,0,0
51831301,15-09-2021,SCSCM,SENIOR CITIZENS SAVINGS SCHEME,0,0,0,0,0,0
51831301,15-09-2021,SCVRS,SENIOR CITIZENS SAVINGS SCHEME - VOLUNTARY RETIRMENT,0,0,0,0,0,0
51831301,15-09-2021,SRDEF,SENIOR CITIZENS SAVINGS SCHEME-RETIRED FROM DEFENCE / NOMINEE,0,0,0,0,0,0
51831301,15-09-2021,SRSCM,SENIOR CITIZENS SAVINGS SCHEME,0,0,0,0,0,0
51831301,15-09-2021,SRVRS,SENIOR CITIZENS SAVINGS SCHEME - VOLUNTARY RETIRMENT,0,0,0,0,0,0
51831301,15-09-2021,SSA,SUKANYA SAMRIDDHI YOJANA,0,0,0,0,0,0
51831301,15-09-2021,TDIP1,TERM DEPOSIT FOR ONE YEAR,0,0,0,0,0,0
51831301,15-09-2021,TDIP2,TERM DEPOSIT FOR TWO YEAR,0,0,0,0,0,0
51831301,15-09-2021,TDIP3,TERM DEPOSIT FOR THREE YEAR,0,0,0,0,0,0
51831301,15-09-2021,TDIP5,TERM DEPOSIT FOR FIVE YEAR,0,0,0,0,0,0
51831301,15-09-2021,TDIPE,TERM DEPOSIT EXCEPTION,0,0,0,0,0,0
51832301,15-09-2021,KVN3,NEW KVP 1000,0,0,0,0,0,0
51832301,15-09-2021,KVN4,NEW KVP 5000,0,0,0,0,0,0
51832301,15-09-2021,KVN5,NEW KVP 10000,0,0,0,0,0,0
51832301,15-09-2021,KVN6,NEW KVP 50000,0,0,0,0,0,0
51832301,15-09-2021,KVP16,KVP 2016,0,0,0,0,0,0
51832301,15-09-2021,KVP1,KISAN VIKAS PATRA 100,0,0,0,0,0,0
51832301,15-09-2021,KVP2,KISAN VIKAS PATRA 500,0,0,0,0,0,0
51832301,15-09-2021,KVP3,KISAN VIKAS PATRA 1000,0,0,0,0,0,0
51832301,15-09-2021,KVP4,KISAN VIKAS PATRA 5000,0,0,0,0,0,0
51832301,15-09-2021,KVP5,KISAN VIKAS PATRA 10000,0,0,0,0,0,0
51832301,15-09-2021,KVP6,KISAN VIKAS PATRA 50000,0,0,0,0,0,0
51832301,15-09-2021,KVPX,KISAN VIKAS PATRA - EXCEPTION,0,0,0,0,0,0
51832301,15-09-2021,LARD,RCURRING DEPOSITS HALF WITHDRAWAL,0,0,0,0,0,0
51832301,15-09-2021,LARDX,RCURRING DEPOSITS HALF WITHDRAWAL EXCEPTION,0,0,0,0,0,0
51832301,15-09-2021,LNPPF,LOAN AGAINST PPF,0,0,0,0,0,0
51832301,15-09-2021,LPPFX,LOAN AGAINST PPF EXCEPTION,0,0,0,0,0,0
51832301,15-09-2021,MISE1,MONTHLY INCOME SCHEME- EXCEPTION,0,0,0,0,0,0
51832301,15-09-2021,MISN1,MONTHLY INCOME SCHEME- NORMAL,0,0,0,0,0,0
51832301,15-09-2021,NSC16,NSC VIII,0,0,0,0,0,0
51832301,15-09-2021,NSC81,NSC VIII - RS 100,0,0,0,0,0,0
51832301,15-09-2021,NSC82,NSC VIII - RS 500,0,0,0,0,0,0
51832301,15-09-2021,NSC83,NSC VIII - RS 1000,0,0,0,0,0,0
51832301,15-09-2021,NSC84,NSC VIII - RS 5000,0,0,0,0,0,0
51832301,15-09-2021,NSC85,NSC VIII - RS 10000,0,0,0,0,0,0
51832301,15-09-2021,NSC8X,NSC VIII  - EXCEPTION,0,0,0,0,0,0
51832301,15-09-2021,NSN81,NSC VIII - RS 100,0,0,0,0,0,0
51832301,15-09-2021,NSN82,NSC VIII - RS 500,0,0,0,0,0,0
51832301,15-09-2021,NSN83,NSC VIII - RS 1000,0,0,0,0,0,0
51832301,15-09-2021,NSN84,NSC VIII - RS 5000,0,0,0,0,0,0
51832301,15-09-2021,NSN85,NSC VIII - RS 10000,0,0,0,0,0,0
51832301,15-09-2021,NSC91,NSC IX - RS 100,0,0,0,0,0,0
51832301,15-09-2021,NSC92,NSC IX - RS 500,0,0,0,0,0,0
51832301,15-09-2021,NSC93,NSC IX - RS 1000,0,0,0,0,0,0
51832301,15-09-2021,NSC94,NSC IX - RS 5000,0,0,0,0,0,0
51832301,15-09-2021,NSC95,NSC IX - RS 10000,0,0,0,0,0,0
51832301,15-09-2021,NSC9X,NSC IX - EXCEPTION,0,0,0,0,0,0
51832301,15-09-2021,NSS87,NATIONAL SAVINGS SCHEME 87,0,0,0,0,0,0
51832301,15-09-2021,NSS92,NATIONAL SAVINGS SCHEME 92,0,0,0,0,0,0
51832301,15-09-2021,PPF,PUBLIC PROVIDENT FUND,0,0,0,0,0,0
51832301,15-09-2021,PPFHU,PUBLIC PROVIDENT FUND - HUF,0,0,0,0,0,0
51832301,15-09-2021,RDIPE,RECURRING DEPOSIT- EXCEPTION,0,0,0,0,0,0
51832301,15-09-2021,RDIPN,RECURRING DEPOSIT- NORMAL,0,139,"1,45,900.00",2,"14,564.00",2
51832301,15-09-2021,SBSAN,SAVINGS BANK - SANCHAYIKA  WITH CHEQUE BOOK,0,0,0,0,0,0
51832301,15-09-2021,SBSWC,SAVINGS BANK - SANCHAYIKA  WITHOUT CHEQUE,0,0,0,0,0,0
51832301,15-09-2021,SBBAS,SAVINGS BANK -BASIC SAVING ACCOUNT,0,0,0,0,0,0
51832301,15-09-2021,SBCHQ,SAVINGS BANK -GENERAL - WITH CHEQUE BOOK,0,0,0,0,0,0
51832301,15-09-2021,SBGEN,SAVINGS BANK -GENERAL - WITHOUT CHEQUE BOOK,0,8,"20,914.00",2,"52,000.00",0
51832301,15-09-2021,SBDIS,SAVINGS ACCOUNT – DISCONTINUED ACCOUNTS,0,0,0,0,0,0
51832301,15-09-2021,SBPEN,SAVINGS BANK - PENSIONERS WITH CHEQUE BOOK,0,0,0,0,0,0
51832301,15-09-2021,SBPWC,SAVINGS BANK - PENSIONERS WITHOUT CHEQUE BOOK,0,0,0,0,0,0
51832301,15-09-2021,SCDEF,SENIOR CITIZENS SAVINGS SCHEME-RETIRED FROM DEFENCE / NOMINEE,0,0,0,0,0,0
51832301,15-09-2021,SCEXP,SENIOR CITIZENS SAVINGS SCHEME-EXCEPTION,0,0,0,0,0,0
51832301,15-09-2021,SCSCM,SENIOR CITIZENS SAVINGS SCHEME,0,0,0,0,0,0
51832301,15-09-2021,SCVRS,SENIOR CITIZENS SAVINGS SCHEME - VOLUNTARY ,0,0,0,0,0,0
51832301,15-09-2021,SRDEF,SENIOR CITIZENS SAVINGS SCHEME-RETIRED FROM DEFENCE / NOMINEE,0,0,0,0,0,0
51832301,15-09-2021,SRSCM,SENIOR CITIZENS SAVINGS SCHEME,0,0,0,0,0,0
51832301,15-09-2021,SRVRS,SENIOR CITIZENS SAVINGS SCHEME - VOLUNTARY RETIRMENT,0,0,0,0,0,0
51832301,15-09-2021,SSA,SUKANYA SAMRIDDHI YOJANA,0,0,0,0,0,0
51832301,15-09-2021,TDIP1,TERM DEPOSIT FOR ONE YEAR,0,0,0,0,0,0
51832301,15-09-2021,TDIP2,TERM DEPOSIT FOR TWO YEAR,0,0,0,0,0,0
51832301,15-09-2021,TDIP3,TERM DEPOSIT FOR THREE YEAR,0,0,0,0,0,0
51832301,15-09-2021,TDIP5,TERM DEPOSIT FOR FIVE YEAR,0,0,0,0,0,0
51832301,15-09-2021,TDIPE,TERM DEPOSIT EXCEPTION,0,0,0,0,0,0
51833301,15-09-2021,KVN3,NEW KVP 1000,0,0,0,0,0,0
51833301,15-09-2021,KVN4,NEW KVP 5000,0,0,0,0,0,0
51833301,15-09-2021,KVN5,NEW KVP 10000,0,0,0,0,0,0
51833301,15-09-2021,KVN6,NEW KVP 50000,0,0,0,0,0,0
51833301,15-09-2021,KVP16,KVP 2016,0,0,0,0,0,0
51833301,15-09-2021,KVP1,KISAN VIKAS PATRA 100,0,0,0,0,0,0
51833301,15-09-2021,KVP2,KISAN VIKAS PATRA 500,0,0,0,0,0,0
51833301,15-09-2021,KVP3,KISAN VIKAS PATRA 1000,0,0,0,0,0,0
51833301,15-09-2021,KVP4,KISAN VIKAS PATRA 5000,0,0,0,0,0,0
51833301,15-09-2021,KVP5,KISAN VIKAS PATRA 10000,0,0,0,0,0,0
51833301,15-09-2021,KVP6,KISAN VIKAS PATRA 50000,0,0,0,0,0,0
51833301,15-09-2021,KVPX,KISAN VIKAS PATRA - EXCEPTION,0,0,0,0,0,0
51833301,15-09-2021,LARD,RCURRING DEPOSITS HALF WITHDRAWAL,1,0,0,1,"10,000.00",0
51833301,15-09-2021,LARDX,RCURRING DEPOSITS HALF WITHDRAWAL EXCEPTION,0,0,0,0,0,0
51833301,15-09-2021,LNPPF,LOAN AGAINST PPF,0,0,0,0,0,0
51833301,15-09-2021,LPPFX,LOAN AGAINST PPF EXCEPTION,0,0,0,0,0,0
51833301,15-09-2021,MISE1,MONTHLY INCOME SCHEME- EXCEPTION,0,0,0,0,0,0
51833301,15-09-2021,MISN1,MONTHLY INCOME SCHEME- NORMAL,0,0,0,0,0,0
51833301,15-09-2021,NSC16,NSC VIII,0,0,0,0,0,0
51833301,15-09-2021,NSC81,NSC VIII - RS 100,0,0,0,0,0,0
51833301,15-09-2021,NSC82,NSC VIII - RS 500,0,0,0,0,0,0
51833301,15-09-2021,NSC83,NSC VIII - RS 1000,0,0,0,0,0,0
51833301,15-09-2021,NSC84,NSC VIII - RS 5000,0,0,0,0,0,0
51833301,15-09-2021,NSC85,NSC VIII - RS 10000,0,0,0,0,0,0
51833301,15-09-2021,NSC8X,NSC VIII  - EXCEPTION,0,0,0,0,0,0
51833301,15-09-2021,NSN81,NSC VIII - RS 100,0,0,0,0,0,0
51833301,15-09-2021,NSN82,NSC VIII - RS 500,0,0,0,0,0,0
51833301,15-09-2021,NSN83,NSC VIII - RS 1000,0,0,0,0,0,0
51833301,15-09-2021,NSN84,NSC VIII - RS 5000,0,0,0,0,0,0
51833301,15-09-2021,NSN85,NSC VIII - RS 10000,0,0,0,0,0,0
51833301,15-09-2021,NSC91,NSC IX - RS 100,0,0,0,0,0,0
51833301,15-09-2021,NSC92,NSC IX - RS 500,0,0,0,0,0,0
51833301,15-09-2021,NSC93,NSC IX - RS 1000,0,0,0,0,0,0
51833301,15-09-2021,NSC94,NSC IX - RS 5000,0,0,0,0,0,0
51833301,15-09-2021,NSC95,NSC IX - RS 10000,0,0,0,0,0,0
51833301,15-09-2021,NSC9X,NSC IX - EXCEPTION,0,0,0,0,0,0
51833301,15-09-2021,NSS87,NATIONAL SAVINGS SCHEME 87,0,0,0,0,0,0
51833301,15-09-2021,NSS92,NATIONAL SAVINGS SCHEME 92,0,0,0,0,0,0
51833301,15-09-2021,PPF,PUBLIC PROVIDENT FUND,0,0,0,0,0,0
51833301,15-09-2021,PPFHU,PUBLIC PROVIDENT FUND - HUF,0,0,0,0,0,0
51833301,15-09-2021,RDIPE,RECURRING DEPOSIT- EXCEPTION,0,0,0,0,0,0
51833301,15-09-2021,RDIPN,RECURRING DEPOSIT- NORMAL,0,0,0,1,"7,270.00",1
51833301,15-09-2021,SBSAN,SAVINGS BANK - SANCHAYIKA  WITH CHEQUE BOOK,0,0,0,0,0,0
51833301,15-09-2021,SBSWC,SAVINGS BANK - SANCHAYIKA  WITHOUT CHEQUE,0,0,0,0,0,0
51833301,15-09-2021,SBBAS,SAVINGS BANK -BASIC SAVING ACCOUNT,0,0,0,0,0,0
51833301,15-09-2021,SBCHQ,SAVINGS BANK -GENERAL - WITH CHEQUE BOOK,0,0,0,0,0,0
51833301,15-09-2021,SBGEN,SAVINGS BANK -GENERAL - WITHOUT CHEQUE BOOK,0,0,0,0,0,0
51833301,15-09-2021,SBDIS,SAVINGS ACCOUNT – DISCONTINUED ACCOUNTS,0,0,0,0,0,0
51833301,15-09-2021,SBPEN,SAVINGS BANK - PENSIONERS WITH CHEQUE BOOK,0,0,0,0,0,0
51833301,15-09-2021,SBPWC,SAVINGS BANK - PENSIONERS WITHOUT CHEQUE BOOK,0,0,0,0,0,0
51833301,15-09-2021,SCDEF,SENIOR CITIZENS SAVINGS SCHEME-RETIRED FROM DEFENCE / NOMINEE,0,0,0,0,0,0
51833301,15-09-2021,SCEXP,SENIOR CITIZENS SAVINGS SCHEME-EXCEPTION,0,0,0,0,0,0
51833301,15-09-2021,SCSCM,SENIOR CITIZENS SAVINGS SCHEME,0,0,0,0,0,0
51833301,15-09-2021,SCVRS,SENIOR CITIZENS SAVINGS SCHEME - VOLUNTARY RETIRMENT,0,0,0,0,0,0
51833301,15-09-2021,SRDEF,SENIOR CITIZENS SAVINGS SCHEME-RETIRED FROM DEFENCE / NOMINEE,0,0,0,0,0,0
51833301,15-09-2021,SRSCM,SENIOR CITIZENS SAVINGS SCHEME,0,0,0,0,0,0
51833301,15-09-2021,SRVRS,SENIOR CITIZENS SAVINGS SCHEME - VOLUNTARY RETIRMENT,0,0,0,0,0,0
51833301,15-09-2021,SSA,SUKANYA SAMRIDDHI YOJANA,0,0,0,0,0,0
51833301,15-09-2021,TDIP1,TERM DEPOSIT FOR ONE YEAR,0,0,0,0,0,0
51833301,15-09-2021,TDIP2,TERM DEPOSIT FOR TWO YEAR,0,0,0,0,0,0
51833301,15-09-2021,TDIP3,TERM DEPOSIT FOR THREE YEAR,0,0,0,0,0,0
51833301,15-09-2021,TDIP5,TERM DEPOSIT FOR FIVE YEAR,0,0,0,0,0,0
51833301,15-09-2021,TDIPE,TERM DEPOSIT EXCEPTION,0,0,0,0,0,0
51834301,15-09-2021,KVN3,NEW KVP 1000,0,0,0,0,0,0
51834301,15-09-2021,KVN4,NEW KVP 5000,0,0,0,0,0,0
51834301,15-09-2021,KVN5,NEW KVP 10000,0,0,0,0,0,0
51834301,15-09-2021,KVN6,NEW KVP 50000,0,0,0,0,0,0
51834301,15-09-2021,KVP16,KVP 2016,0,0,0,0,0,0
51834301,15-09-2021,KVP1,KISAN VIKAS PATRA 100,0,0,0,0,0,0
51834301,15-09-2021,KVP2,KISAN VIKAS PATRA 500,0,0,0,0,0,0
51834301,15-09-2021,KVP3,KISAN VIKAS PATRA 1000,0,0,0,0,0,0
51834301,15-09-2021,KVP4,KISAN VIKAS PATRA 5000,0,0,0,0,0,0
51834301,15-09-2021,KVP5,KISAN VIKAS PATRA 10000,0,0,0,0,0,0
51834301,15-09-2021,KVP6,KISAN VIKAS PATRA 50000,0,0,0,0,0,0
51834301,15-09-2021,KVPX,KISAN VIKAS PATRA - EXCEPTION,0,0,0,0,0,0
51834301,15-09-2021,LARD,RCURRING DEPOSITS HALF WITHDRAWAL,0,0,0,0,0,0
51834301,15-09-2021,LARDX,RCURRING DEPOSITS HALF WITHDRAWAL EXCEPTION,0,0,0,0,0,0
51834301,15-09-2021,LNPPF,LOAN AGAINST PPF,0,0,0,0,0,0
51834301,15-09-2021,LPPFX,LOAN AGAINST PPF EXCEPTION,0,0,0,0,0,0
51834301,15-09-2021,MISE1,MONTHLY INCOME SCHEME- EXCEPTION,0,0,0,0,0,0
51834301,15-09-2021,MISN1,MONTHLY INCOME SCHEME- NORMAL,0,0,0,0,0,0
51834301,15-09-2021,NSC16,NSC VIII,0,0,0,0,0,0
51834301,15-09-2021,NSC81,NSC VIII - RS 100,0,0,0,0,0,0
51834301,15-09-2021,NSC82,NSC VIII - RS 500,0,0,0,0,0,0
51834301,15-09-2021,NSC83,NSC VIII - RS 1000,0,0,0,0,0,0
51834301,15-09-2021,NSC84,NSC VIII - RS 5000,0,0,0,0,0,0
51834301,15-09-2021,NSC85,NSC VIII - RS 10000,0,0,0,0,0,0
51834301,15-09-2021,NSC8X,NSC VIII  - EXCEPTION,0,0,0,0,0,0
51834301,15-09-2021,NSN81,NSC VIII - RS 100,0,0,0,0,0,0
51834301,15-09-2021,NSN82,NSC VIII - RS 500,0,0,0,0,0,0
51834301,15-09-2021,NSN83,NSC VIII - RS 1000,0,0,0,0,0,0
51834301,15-09-2021,NSN84,NSC VIII - RS 5000,0,0,0,0,0,0
51834301,15-09-2021,NSN85,NSC VIII - RS 10000,0,0,0,0,0,0
51834301,15-09-2021,NSC91,NSC IX - RS 100,0,0,0,0,0,0
51834301,15-09-2021,NSC92,NSC IX - RS 500,0,0,0,0,0,0
51834301,15-09-2021,NSC93,NSC IX - RS 1000,0,0,0,0,0,0
51834301,15-09-2021,NSC94,NSC IX - RS 5000,0,0,0,0,0,0
51834301,15-09-2021,NSC95,NSC IX - RS 10000,0,0,0,0,0,0
51834301,15-09-2021,NSC9X,NSC IX - EXCEPTION,0,0,0,0,0,0
51834301,15-09-2021,NSS87,NATIONAL SAVINGS SCHEME 87,0,0,0,0,0,0
51834301,15-09-2021,NSS92,NATIONAL SAVINGS SCHEME 92,0,0,0,0,0,0
51834301,15-09-2021,PPF,PUBLIC PROVIDENT FUND,0,0,0,0,0,0
51834301,15-09-2021,PPFHU,PUBLIC PROVIDENT FUND - HUF,0,0,0,0,0,0
51834301,15-09-2021,RDIPE,RECURRING DEPOSIT- EXCEPTION,0,0,0,0,0,0
51834301,15-09-2021,RDIPN,RECURRING DEPOSIT- NORMAL,1,3,"3,500.00",0,0,0
51834301,15-09-2021,SBSAN,SAVINGS BANK - SANCHAYIKA  WITH CHEQUE BOOK,0,0,0,0,0,0
51834301,15-09-2021,SBSWC,SAVINGS BANK - SANCHAYIKA  WITHOUT CHEQUE,0,0,0,0,0,0
51834301,15-09-2021,SBBAS,SAVINGS BANK -BASIC SAVING ACCOUNT,0,0,0,0,0,0
51834301,15-09-2021,SBCHQ,SAVINGS BANK -GENERAL - WITH CHEQUE BOOK,0,0,0,0,0,0
51834301,15-09-2021,SBGEN,SAVINGS BANK -GENERAL - WITHOUT CHEQUE BOOK,0,4,"4,738.00",3,"24,900.00",0
51834301,15-09-2021,SBDIS,SAVINGS ACCOUNT – DISCONTINUED ACCOUNTS,0,0,0,0,0,0
51834301,15-09-2021,SBPEN,SAVINGS BANK - PENSIONERS WITH CHEQUE BOOK,0,0,0,0,0,0
51834301,15-09-2021,SBPWC,SAVINGS BANK - PENSIONERS WITHOUT CHEQUE BOOK,0,0,0,0,0,0
51834301,15-09-2021,SCDEF,SENIOR CITIZENS SAVINGS SCHEME-RETIRED FROM DEFENCE / NOMINEE,0,0,0,0,0,0
51834301,15-09-2021,SCEXP,SENIOR CITIZENS SAVINGS SCHEME-EXCEPTION,0,0,0,0,0,0
51834301,15-09-2021,SCSCM,SENIOR CITIZENS SAVINGS SCHEME,0,0,0,0,0,0
51834301,15-09-2021,SCVRS,SENIOR CITIZENS SAVINGS SCHEME - VOLUNTARY ,0,0,0,0,0,0
51834301,15-09-2021,SRDEF,SENIOR CITIZENS SAVINGS SCHEME-RETIRED FROM DEFENCE / NOMINEE,0,0,0,0,0,0
51834301,15-09-2021,SRSCM,SENIOR CITIZENS SAVINGS SCHEME,0,0,0,0,0,0
51834301,15-09-2021,SRVRS,SENIOR CITIZENS SAVINGS SCHEME - VOLUNTARY RETIRMENT,0,0,0,0,0,0
51834301,15-09-2021,SSA,SUKANYA SAMRIDDHI YOJANA,0,0,0,0,0,0
51834301,15-09-2021,TDIP1,TERM DEPOSIT FOR ONE YEAR,0,0,0,0,0,0
51834301,15-09-2021,TDIP2,TERM DEPOSIT FOR TWO YEAR,0,0,0,0,0,0
51834301,15-09-2021,TDIP3,TERM DEPOSIT FOR THREE YEAR,0,0,0,0,0,0
51834301,15-09-2021,TDIP5,TERM DEPOSIT FOR FIVE YEAR,0,0,0,0,0,0
51834301,15-09-2021,TDIPE,TERM DEPOSIT EXCEPTION,0,0,0,0,0,0
51834401,15-09-2021,KVN3,NEW KVP 1000,0,0,0,0,0,0
51834401,15-09-2021,KVN4,NEW KVP 5000,0,0,0,0,0,0
51834401,15-09-2021,KVN5,NEW KVP 10000,0,0,0,0,0,0
51834401,15-09-2021,KVN6,NEW KVP 50000,0,0,0,0,0,0
51834401,15-09-2021,KVP16,KVP 2016,0,0,0,0,0,0
51834401,15-09-2021,KVP1,KISAN VIKAS PATRA 100,0,0,0,0,0,0
51834401,15-09-2021,KVP2,KISAN VIKAS PATRA 500,0,0,0,0,0,0
51834401,15-09-2021,KVP3,KISAN VIKAS PATRA 1000,0,0,0,0,0,0
51834401,15-09-2021,KVP4,KISAN VIKAS PATRA 5000,0,0,0,0,0,0
51834401,15-09-2021,KVP5,KISAN VIKAS PATRA 10000,0,0,0,0,0,0
51834401,15-09-2021,KVP6,KISAN VIKAS PATRA 50000,0,0,0,0,0,0
51834401,15-09-2021,KVPX,KISAN VIKAS PATRA - EXCEPTION,0,0,0,0,0,0
51834401,15-09-2021,LARD,RCURRING DEPOSITS HALF WITHDRAWAL,0,0,0,0,0,0
51834401,15-09-2021,LARDX,RCURRING DEPOSITS HALF WITHDRAWAL EXCEPTION,0,0,0,0,0,0
51834401,15-09-2021,LNPPF,LOAN AGAINST PPF,0,0,0,0,0,0
51834401,15-09-2021,LPPFX,LOAN AGAINST PPF EXCEPTION,0,0,0,0,0,0
51834401,15-09-2021,MISE1,MONTHLY INCOME SCHEME- EXCEPTION,0,0,0,0,0,0
51834401,15-09-2021,MISN1,MONTHLY INCOME SCHEME- NORMAL,0,0,0,0,0,0
51834401,15-09-2021,NSC16,NSC VIII,0,0,0,0,0,0
51834401,15-09-2021,NSC81,NSC VIII - RS 100,0,0,0,0,0,0
51834401,15-09-2021,NSC82,NSC VIII - RS 500,0,0,0,0,0,0
51834401,15-09-2021,NSC83,NSC VIII - RS 1000,0,0,0,0,0,0
51834401,15-09-2021,NSC84,NSC VIII - RS 5000,0,0,0,0,0,0
51834401,15-09-2021,NSC85,NSC VIII - RS 10000,0,0,0,0,0,0
51834401,15-09-2021,NSC8X,NSC VIII  - EXCEPTION,0,0,0,0,0,0
51834401,15-09-2021,NSN81,NSC VIII - RS 100,0,0,0,0,0,0
51834401,15-09-2021,NSN82,NSC VIII - RS 500,0,0,0,0,0,0
51834401,15-09-2021,NSN83,NSC VIII - RS 1000,0,0,0,0,0,0
51834401,15-09-2021,NSN84,NSC VIII - RS 5000,0,0,0,0,0,0
51834401,15-09-2021,NSN85,NSC VIII - RS 10000,0,0,0,0,0,0
51834401,15-09-2021,NSC91,NSC IX - RS 100,0,0,0,0,0,0
51834401,15-09-2021,NSC92,NSC IX - RS 500,0,0,0,0,0,0
51834401,15-09-2021,NSC93,NSC IX - RS 1000,0,0,0,0,0,0
51834401,15-09-2021,NSC94,NSC IX - RS 5000,0,0,0,0,0,0
51834401,15-09-2021,NSC95,NSC IX - RS 10000,0,0,0,0,0,0
51834401,15-09-2021,NSC9X,NSC IX - EXCEPTION,0,0,0,0,0,0
51834401,15-09-2021,NSS87,NATIONAL SAVINGS SCHEME 87,0,0,0,0,0,0
51834401,15-09-2021,NSS92,NATIONAL SAVINGS SCHEME 92,0,0,0,0,0,0
51834401,15-09-2021,PPF,PUBLIC PROVIDENT FUND,0,0,0,0,0,0
51834401,15-09-2021,PPFHU,PUBLIC PROVIDENT FUND - HUF,0,0,0,0,0,0
51834401,15-09-2021,RDIPE,RECURRING DEPOSIT- EXCEPTION,0,0,0,0,0,0
51834401,15-09-2021,RDIPN,RECURRING DEPOSIT- NORMAL,2,59,"1,31,620.00",0,0,0
51834401,15-09-2021,SBSAN,SAVINGS BANK - SANCHAYIKA  WITH CHEQUE BOOK,0,0,0,0,0,0
51834401,15-09-2021,SBSWC,SAVINGS BANK - SANCHAYIKA  WITHOUT CHEQUE,0,0,0,0,0,0
51834401,15-09-2021,SBBAS,SAVINGS BANK -BASIC SAVING ACCOUNT,0,0,0,0,0,0
51834401,15-09-2021,SBCHQ,SAVINGS BANK -GENERAL - WITH CHEQUE BOOK,0,1,"8,000.00",6,"20,920.00",0
51834401,15-09-2021,SBGEN,SAVINGS BANK -GENERAL - WITHOUT CHEQUE BOOK,0,8,"4,655.00",14,"64,900.00",0
51834401,15-09-2021,SBDIS,SAVINGS ACCOUNT – DISCONTINUED ACCOUNTS,0,0,0,0,0,0
51834401,15-09-2021,SBPEN,SAVINGS BANK - PENSIONERS WITH CHEQUE BOOK,0,0,0,0,0,0
51834401,15-09-2021,SBPWC,SAVINGS BANK - PENSIONERS WITHOUT CHEQUE BOOK,0,0,0,0,0,0
51834401,15-09-2021,SCDEF,SENIOR CITIZENS SAVINGS SCHEME-RETIRED FROM DEFENCE / NOMINEE,0,0,0,0,0,0
51834401,15-09-2021,SCEXP,SENIOR CITIZENS SAVINGS SCHEME-EXCEPTION,0,0,0,0,0,0
51834401,15-09-2021,SCSCM,SENIOR CITIZENS SAVINGS SCHEME,0,0,0,0,0,0
51834401,15-09-2021,SCVRS,SENIOR CITIZENS SAVINGS SCHEME - VOLUNTARY RETIRMENT,0,0,0,0,0,0
51834401,15-09-2021,SRDEF,SENIOR CITIZENS SAVINGS SCHEME-RETIRED FROM DEFENCE / NOMINEE,0,0,0,0,0,0
51834401,15-09-2021,SRSCM,SENIOR CITIZENS SAVINGS SCHEME,0,0,0,0,0,0
51834401,15-09-2021,SRVRS,SENIOR CITIZENS SAVINGS SCHEME - VOLUNTARY RETIRMENT,0,0,0,0,0,0
51834401,15-09-2021,SSA,SUKANYA SAMRIDDHI YOJANA,0,6,"10,500.00",0,0,0
51834401,15-09-2021,TDIP1,TERM DEPOSIT FOR ONE YEAR,0,0,0,0,0,0
51834401,15-09-2021,TDIP2,TERM DEPOSIT FOR TWO YEAR,0,0,0,0,0,0
51834401,15-09-2021,TDIP3,TERM DEPOSIT FOR THREE YEAR,0,0,0,0,0,0
51834401,15-09-2021,TDIP5,TERM DEPOSIT FOR FIVE YEAR,0,0,0,0,0,0
51834401,15-09-2021,TDIPE,TERM DEPOSIT EXCEPTION,0,0,0,0,0,0
51834501,15-09-2021,KVN3,NEW KVP 1000,0,0,0,0,0,0
51834501,15-09-2021,KVN4,NEW KVP 5000,0,0,0,0,0,0
51834501,15-09-2021,KVN5,NEW KVP 10000,0,0,0,0,0,0
51834501,15-09-2021,KVN6,NEW KVP 50000,0,0,0,0,0,0
51834501,15-09-2021,KVP16,KVP 2016,0,0,0,0,0,0
51834501,15-09-2021,KVP1,KISAN VIKAS PATRA 100,0,0,0,0,0,0
51834501,15-09-2021,KVP2,KISAN VIKAS PATRA 500,0,0,0,0,0,0
51834501,15-09-2021,KVP3,KISAN VIKAS PATRA 1000,0,0,0,0,0,0
51834501,15-09-2021,KVP4,KISAN VIKAS PATRA 5000,0,0,0,0,0,0
51834501,15-09-2021,KVP5,KISAN VIKAS PATRA 10000,0,0,0,0,0,0
51834501,15-09-2021,KVP6,KISAN VIKAS PATRA 50000,0,0,0,0,0,0
51834501,15-09-2021,KVPX,KISAN VIKAS PATRA - EXCEPTION,0,0,0,0,0,0
51834501,15-09-2021,LARD,RCURRING DEPOSITS HALF WITHDRAWAL,0,0,0,0,0,0
51834501,15-09-2021,LARDX,RCURRING DEPOSITS HALF WITHDRAWAL EXCEPTION,0,0,0,0,0,0
51834501,15-09-2021,LNPPF,LOAN AGAINST PPF,0,0,0,0,0,0
51834501,15-09-2021,LPPFX,LOAN AGAINST PPF EXCEPTION,0,0,0,0,0,0
51834501,15-09-2021,MISE1,MONTHLY INCOME SCHEME- EXCEPTION,0,0,0,0,0,0
51834501,15-09-2021,MISN1,MONTHLY INCOME SCHEME- NORMAL,0,0,0,0,0,0
51834501,15-09-2021,NSC16,NSC VIII,0,0,0,0,0,0
51834501,15-09-2021,NSC81,NSC VIII - RS 100,0,0,0,0,0,0
51834501,15-09-2021,NSC82,NSC VIII - RS 500,0,0,0,0,0,0
51834501,15-09-2021,NSC83,NSC VIII - RS 1000,0,0,0,0,0,0
51834501,15-09-2021,NSC84,NSC VIII - RS 5000,0,0,0,0,0,0
51834501,15-09-2021,NSC85,NSC VIII - RS 10000,0,0,0,0,0,0
51834501,15-09-2021,NSC8X,NSC VIII  - EXCEPTION,0,0,0,0,0,0
51834501,15-09-2021,NSN81,NSC VIII - RS 100,0,0,0,0,0,0
51834501,15-09-2021,NSN82,NSC VIII - RS 500,0,0,0,0,0,0
51834501,15-09-2021,NSN83,NSC VIII - RS 1000,0,0,0,0,0,0
51834501,15-09-2021,NSN84,NSC VIII - RS 5000,0,0,0,0,0,0
51834501,15-09-2021,NSN85,NSC VIII - RS 10000,0,0,0,0,0,0
51834501,15-09-2021,NSC91,NSC IX - RS 100,0,0,0,0,0,0
51834501,15-09-2021,NSC92,NSC IX - RS 500,0,0,0,0,0,0
51834501,15-09-2021,NSC93,NSC IX - RS 1000,0,0,0,0,0,0
51834501,15-09-2021,NSC94,NSC IX - RS 5000,0,0,0,0,0,0
51834501,15-09-2021,NSC95,NSC IX - RS 10000,0,0,0,0,0,0
51834501,15-09-2021,NSC9X,NSC IX - EXCEPTION,0,0,0,0,0,0
51834501,15-09-2021,NSS87,NATIONAL SAVINGS SCHEME 87,0,0,0,0,0,0
51834501,15-09-2021,NSS92,NATIONAL SAVINGS SCHEME 92,0,0,0,0,0,0
51834501,15-09-2021,PPF,PUBLIC PROVIDENT FUND,0,0,0,0,0,0
51834501,15-09-2021,PPFHU,PUBLIC PROVIDENT FUND - HUF,0,0,0,0,0,0
51834501,15-09-2021,RDIPE,RECURRING DEPOSIT- EXCEPTION,0,0,0,0,0,0
51834501,15-09-2021,RDIPN,RECURRING DEPOSIT- NORMAL,0,78,"1,23,400.00",0,0,0
51834501,15-09-2021,SBSAN,SAVINGS BANK - SANCHAYIKA  WITH CHEQUE BOOK,0,0,0,0,0,0
51834501,15-09-2021,SBSWC,SAVINGS BANK - SANCHAYIKA  WITHOUT CHEQUE,0,0,0,0,0,0
51834501,15-09-2021,SBBAS,SAVINGS BANK -BASIC SAVING ACCOUNT,0,0,0,0,0,0
51834501,15-09-2021,SBCHQ,SAVINGS BANK -GENERAL - WITH CHEQUE BOOK,0,0,0,0,0,0
51834501,15-09-2021,SBGEN,SAVINGS BANK -GENERAL - WITHOUT CHEQUE BOOK,0,12,"49,788.00",3,"36,970.00",0
51834501,15-09-2021,SBDIS,SAVINGS ACCOUNT – DISCONTINUED ACCOUNTS,0,0,0,0,0,0
51834501,15-09-2021,SBPEN,SAVINGS BANK - PENSIONERS WITH CHEQUE BOOK,0,0,0,0,0,0
51834501,15-09-2021,SBPWC,SAVINGS BANK - PENSIONERS WITHOUT CHEQUE BOOK,0,0,0,0,0,0
51834501,15-09-2021,SCDEF,SENIOR CITIZENS SAVINGS SCHEME-RETIRED FROM DEFENCE / NOMINEE,0,0,0,0,0,0
51834501,15-09-2021,SCEXP,SENIOR CITIZENS SAVINGS SCHEME-EXCEPTION,0,0,0,0,0,0
51834501,15-09-2021,SCSCM,SENIOR CITIZENS SAVINGS SCHEME,0,0,0,0,0,0
51834501,15-09-2021,SCVRS,SENIOR CITIZENS SAVINGS SCHEME - VOLUNTARY ,0,0,0,0,0,0
51834501,15-09-2021,SRDEF,SENIOR CITIZENS SAVINGS SCHEME-RETIRED FROM DEFENCE / NOMINEE,0,0,0,0,0,0
51834501,15-09-2021,SRSCM,SENIOR CITIZENS SAVINGS SCHEME,0,0,0,0,0,0
51834501,15-09-2021,SRVRS,SENIOR CITIZENS SAVINGS SCHEME - VOLUNTARY RETIRMENT,0,0,0,0,0,0
51834501,15-09-2021,SSA,SUKANYA SAMRIDDHI YOJANA,1,5,"7,000.00",0,0,0
51834501,15-09-2021,TDIP1,TERM DEPOSIT FOR ONE YEAR,0,0,0,0,0,0
51834501,15-09-2021,TDIP2,TERM DEPOSIT FOR TWO YEAR,0,0,0,0,0,0
51834501,15-09-2021,TDIP3,TERM DEPOSIT FOR THREE YEAR,0,0,0,0,0,0
51834501,15-09-2021,TDIP5,TERM DEPOSIT FOR FIVE YEAR,0,0,0,0,0,0
51834501,15-09-2021,TDIPE,TERM DEPOSIT EXCEPTION,0,0,0,0,0,0
51834601,15-09-2021,KVN3,NEW KVP 1000,0,0,0,0,0,0
51834601,15-09-2021,KVN4,NEW KVP 5000,0,0,0,0,0,0
51834601,15-09-2021,KVN5,NEW KVP 10000,0,0,0,0,0,0
51834601,15-09-2021,KVN6,NEW KVP 50000,0,0,0,0,0,0
51834601,15-09-2021,KVP16,KVP 2016,0,0,0,0,0,0
51834601,15-09-2021,KVP1,KISAN VIKAS PATRA 100,0,0,0,0,0,0
51834601,15-09-2021,KVP2,KISAN VIKAS PATRA 500,0,0,0,0,0,0
51834601,15-09-2021,KVP3,KISAN VIKAS PATRA 1000,0,0,0,0,0,0
51834601,15-09-2021,KVP4,KISAN VIKAS PATRA 5000,0,0,0,0,0,0
51834601,15-09-2021,KVP5,KISAN VIKAS PATRA 10000,0,0,0,0,0,0
51834601,15-09-2021,KVP6,KISAN VIKAS PATRA 50000,0,0,0,0,0,0
51834601,15-09-2021,KVPX,KISAN VIKAS PATRA - EXCEPTION,0,0,0,0,0,0
51834601,15-09-2021,LARD,RCURRING DEPOSITS HALF WITHDRAWAL,0,0,0,0,0,0
51834601,15-09-2021,LARDX,RCURRING DEPOSITS HALF WITHDRAWAL EXCEPTION,0,0,0,0,0,0
51834601,15-09-2021,LNPPF,LOAN AGAINST PPF,0,0,0,0,0,0
51834601,15-09-2021,LPPFX,LOAN AGAINST PPF EXCEPTION,0,0,0,0,0,0
51834601,15-09-2021,MISE1,MONTHLY INCOME SCHEME- EXCEPTION,0,0,0,0,0,0
51834601,15-09-2021,MISN1,MONTHLY INCOME SCHEME- NORMAL,0,0,0,0,0,0
51834601,15-09-2021,NSC16,NSC VIII,0,0,0,0,0,0
51834601,15-09-2021,NSC81,NSC VIII - RS 100,0,0,0,0,0,0
51834601,15-09-2021,NSC82,NSC VIII - RS 500,0,0,0,0,0,0
51834601,15-09-2021,NSC83,NSC VIII - RS 1000,0,0,0,0,0,0
51834601,15-09-2021,NSC84,NSC VIII - RS 5000,0,0,0,0,0,0
51834601,15-09-2021,NSC85,NSC VIII - RS 10000,0,0,0,0,0,0
51834601,15-09-2021,NSC8X,NSC VIII  - EXCEPTION,0,0,0,0,0,0
51834601,15-09-2021,NSN81,NSC VIII - RS 100,0,0,0,0,0,0
51834601,15-09-2021,NSN82,NSC VIII - RS 500,0,0,0,0,0,0
51834601,15-09-2021,NSN83,NSC VIII - RS 1000,0,0,0,0,0,0
51834601,15-09-2021,NSN84,NSC VIII - RS 5000,0,0,0,0,0,0
51834601,15-09-2021,NSN85,NSC VIII - RS 10000,0,0,0,0,0,0
51834601,15-09-2021,NSC91,NSC IX - RS 100,0,0,0,0,0,0
51834601,15-09-2021,NSC92,NSC IX - RS 500,0,0,0,0,0,0
51834601,15-09-2021,NSC93,NSC IX - RS 1000,0,0,0,0,0,0
51834601,15-09-2021,NSC94,NSC IX - RS 5000,0,0,0,0,0,0
51834601,15-09-2021,NSC95,NSC IX - RS 10000,0,0,0,0,0,0
51834601,15-09-2021,NSC9X,NSC IX - EXCEPTION,0,0,0,0,0,0
51834601,15-09-2021,NSS87,NATIONAL SAVINGS SCHEME 87,0,0,0,0,0,0
51834601,15-09-2021,NSS92,NATIONAL SAVINGS SCHEME 92,0,0,0,0,0,0
51834601,15-09-2021,PPF,PUBLIC PROVIDENT FUND,0,0,0,0,0,0
51834601,15-09-2021,PPFHU,PUBLIC PROVIDENT FUND - HUF,0,0,0,0,0,0
51834601,15-09-2021,RDIPE,RECURRING DEPOSIT- EXCEPTION,0,0,0,0,0,0
51834601,15-09-2021,RDIPN,RECURRING DEPOSIT- NORMAL,0,0,0,0,0,0
51834601,15-09-2021,SBSAN,SAVINGS BANK - SANCHAYIKA  WITH CHEQUE BOOK,0,0,0,0,0,0
51834601,15-09-2021,SBSWC,SAVINGS BANK - SANCHAYIKA  WITHOUT CHEQUE,0,0,0,0,0,0
51834601,15-09-2021,SBBAS,SAVINGS BANK -BASIC SAVING ACCOUNT,0,0,0,0,0,0
51834601,15-09-2021,SBCHQ,SAVINGS BANK -GENERAL - WITH CHEQUE BOOK,0,0,0,0,0,0
51834601,15-09-2021,SBGEN,SAVINGS BANK -GENERAL - WITHOUT CHEQUE BOOK,0,0,0,0,0,0
51834601,15-09-2021,SBDIS,SAVINGS ACCOUNT – DISCONTINUED ACCOUNTS,0,0,0,0,0,0
51834601,15-09-2021,SBPEN,SAVINGS BANK - PENSIONERS WITH CHEQUE BOOK,0,0,0,0,0,0
51834601,15-09-2021,SBPWC,SAVINGS BANK - PENSIONERS WITHOUT CHEQUE BOOK,0,0,0,0,0,0
51834601,15-09-2021,SCDEF,SENIOR CITIZENS SAVINGS SCHEME-RETIRED FROM DEFENCE / NOMINEE,0,0,0,0,0,0
51834601,15-09-2021,SCEXP,SENIOR CITIZENS SAVINGS SCHEME-EXCEPTION,0,0,0,0,0,0
51834601,15-09-2021,SCSCM,SENIOR CITIZENS SAVINGS SCHEME,0,0,0,0,0,0
51834601,15-09-2021,SCVRS,SENIOR CITIZENS SAVINGS SCHEME - VOLUNTARY RETIRMENT,0,0,0,0,0,0
51834601,15-09-2021,SRDEF,SENIOR CITIZENS SAVINGS SCHEME-RETIRED FROM DEFENCE / NOMINEE,0,0,0,0,0,0
51834601,15-09-2021,SRSCM,SENIOR CITIZENS SAVINGS SCHEME,0,0,0,0,0,0
51834601,15-09-2021,SRVRS,SENIOR CITIZENS SAVINGS SCHEME - VOLUNTARY RETIRMENT,0,0,0,0,0,0
51834601,15-09-2021,SSA,SUKANYA SAMRIDDHI YOJANA,0,0,0,0,0,0
51834601,15-09-2021,TDIP1,TERM DEPOSIT FOR ONE YEAR,0,0,0,0,0,0
51834601,15-09-2021,TDIP2,TERM DEPOSIT FOR TWO YEAR,0,0,0,0,0,0
51834601,15-09-2021,TDIP3,TERM DEPOSIT FOR THREE YEAR,0,0,0,0,0,0
51834601,15-09-2021,TDIP5,TERM DEPOSIT FOR FIVE YEAR,0,0,0,0,0,0
51834601,15-09-2021,TDIPE,TERM DEPOSIT EXCEPTION,0,0,0,0,0,0
51834701,15-09-2021,KVN3,NEW KVP 1000,0,0,0,0,0,0
51834701,15-09-2021,KVN4,NEW KVP 5000,0,0,0,0,0,0
51834701,15-09-2021,KVN5,NEW KVP 10000,0,0,0,0,0,0
51834701,15-09-2021,KVN6,NEW KVP 50000,0,0,0,0,0,0
51834701,15-09-2021,KVP16,KVP 2016,0,0,0,0,0,0
51834701,15-09-2021,KVP1,KISAN VIKAS PATRA 100,0,0,0,0,0,0
51834701,15-09-2021,KVP2,KISAN VIKAS PATRA 500,0,0,0,0,0,0
51834701,15-09-2021,KVP3,KISAN VIKAS PATRA 1000,0,0,0,0,0,0
51834701,15-09-2021,KVP4,KISAN VIKAS PATRA 5000,0,0,0,0,0,0
51834701,15-09-2021,KVP5,KISAN VIKAS PATRA 10000,0,0,0,0,0,0
51834701,15-09-2021,KVP6,KISAN VIKAS PATRA 50000,0,0,0,0,0,0
51834701,15-09-2021,KVPX,KISAN VIKAS PATRA - EXCEPTION,0,0,0,0,0,0
51834701,15-09-2021,LARD,RCURRING DEPOSITS HALF WITHDRAWAL,0,0,0,0,0,0
51834701,15-09-2021,LARDX,RCURRING DEPOSITS HALF WITHDRAWAL EXCEPTION,0,0,0,0,0,0
51834701,15-09-2021,LNPPF,LOAN AGAINST PPF,0,0,0,0,0,0
51834701,15-09-2021,LPPFX,LOAN AGAINST PPF EXCEPTION,0,0,0,0,0,0
51834701,15-09-2021,MISE1,MONTHLY INCOME SCHEME- EXCEPTION,0,0,0,0,0,0
51834701,15-09-2021,MISN1,MONTHLY INCOME SCHEME- NORMAL,0,0,0,0,0,0
51834701,15-09-2021,NSC16,NSC VIII,0,0,0,0,0,0
51834701,15-09-2021,NSC81,NSC VIII - RS 100,0,0,0,0,0,0
51834701,15-09-2021,NSC82,NSC VIII - RS 500,0,0,0,0,0,0
51834701,15-09-2021,NSC83,NSC VIII - RS 1000,0,0,0,0,0,0
51834701,15-09-2021,NSC84,NSC VIII - RS 5000,0,0,0,0,0,0
51834701,15-09-2021,NSC85,NSC VIII - RS 10000,0,0,0,0,0,0
51834701,15-09-2021,NSC8X,NSC VIII  - EXCEPTION,0,0,0,0,0,0
51834701,15-09-2021,NSN81,NSC VIII - RS 100,0,0,0,0,0,0
51834701,15-09-2021,NSN82,NSC VIII - RS 500,0,0,0,0,0,0
51834701,15-09-2021,NSN83,NSC VIII - RS 1000,0,0,0,0,0,0
51834701,15-09-2021,NSN84,NSC VIII - RS 5000,0,0,0,0,0,0
51834701,15-09-2021,NSN85,NSC VIII - RS 10000,0,0,0,0,0,0
51834701,15-09-2021,NSC91,NSC IX - RS 100,0,0,0,0,0,0
51834701,15-09-2021,NSC92,NSC IX - RS 500,0,0,0,0,0,0
51834701,15-09-2021,NSC93,NSC IX - RS 1000,0,0,0,0,0,0
51834701,15-09-2021,NSC94,NSC IX - RS 5000,0,0,0,0,0,0
51834701,15-09-2021,NSC95,NSC IX - RS 10000,0,0,0,0,0,0
51834701,15-09-2021,NSC9X,NSC IX - EXCEPTION,0,0,0,0,0,0
51834701,15-09-2021,NSS87,NATIONAL SAVINGS SCHEME 87,0,0,0,0,0,0
51834701,15-09-2021,NSS92,NATIONAL SAVINGS SCHEME 92,0,0,0,0,0,0
51834701,15-09-2021,PPF,PUBLIC PROVIDENT FUND,0,0,0,0,0,0
51834701,15-09-2021,PPFHU,PUBLIC PROVIDENT FUND - HUF,0,0,0,0,0,0
51834701,15-09-2021,RDIPE,RECURRING DEPOSIT- EXCEPTION,0,0,0,0,0,0
51834701,15-09-2021,RDIPN,RECURRING DEPOSIT- NORMAL,0,37,"72,400.00",0,0,0
51834701,15-09-2021,SBSAN,SAVINGS BANK - SANCHAYIKA  WITH CHEQUE BOOK,0,0,0,0,0,0
51834701,15-09-2021,SBSWC,SAVINGS BANK - SANCHAYIKA  WITHOUT CHEQUE,0,0,0,0,0,0
51834701,15-09-2021,SBBAS,SAVINGS BANK -BASIC SAVING ACCOUNT,0,0,0,0,0,0
51834701,15-09-2021,SBCHQ,SAVINGS BANK -GENERAL - WITH CHEQUE BOOK,0,0,0,0,0,0
51834701,15-09-2021,SBGEN,SAVINGS BANK -GENERAL - WITHOUT CHEQUE BOOK,0,5,"9,280.00",2,"11,000.00",0
51834701,15-09-2021,SBDIS,SAVINGS ACCOUNT – DISCONTINUED ACCOUNTS,0,0,0,0,0,0
51834701,15-09-2021,SBPEN,SAVINGS BANK - PENSIONERS WITH CHEQUE BOOK,0,0,0,0,0,0
51834701,15-09-2021,SBPWC,SAVINGS BANK - PENSIONERS WITHOUT CHEQUE BOOK,0,0,0,0,0,0
51834701,15-09-2021,SCDEF,SENIOR CITIZENS SAVINGS SCHEME-RETIRED FROM DEFENCE / NOMINEE,0,0,0,0,0,0
51834701,15-09-2021,SCEXP,SENIOR CITIZENS SAVINGS SCHEME-EXCEPTION,0,0,0,0,0,0
51834701,15-09-2021,SCSCM,SENIOR CITIZENS SAVINGS SCHEME,0,0,0,0,0,0
51834701,15-09-2021,SCVRS,SENIOR CITIZENS SAVINGS SCHEME - VOLUNTARY ,0,0,0,0,0,0
51834701,15-09-2021,SRDEF,SENIOR CITIZENS SAVINGS SCHEME-RETIRED FROM DEFENCE / NOMINEE,0,0,0,0,0,0
51834701,15-09-2021,SRSCM,SENIOR CITIZENS SAVINGS SCHEME,0,0,0,0,0,0
51834701,15-09-2021,SRVRS,SENIOR CITIZENS SAVINGS SCHEME - VOLUNTARY RETIRMENT,0,0,0,0,0,0
51834701,15-09-2021,SSA,SUKANYA SAMRIDDHI YOJANA,2,6,"8,000.00",0,0,0
51834701,15-09-2021,TDIP1,TERM DEPOSIT FOR ONE YEAR,0,0,0,0,0,0
51834701,15-09-2021,TDIP2,TERM DEPOSIT FOR TWO YEAR,0,0,0,0,0,0
51834701,15-09-2021,TDIP3,TERM DEPOSIT FOR THREE YEAR,0,0,0,0,0,0
51834701,15-09-2021,TDIP5,TERM DEPOSIT FOR FIVE YEAR,0,0,0,0,0,0
51834701,15-09-2021,TDIPE,TERM DEPOSIT EXCEPTION,0,0,0,0,0,0
51834801,15-09-2021,KVN3,NEW KVP 1000,0,0,0,0,0,0
51834801,15-09-2021,KVN4,NEW KVP 5000,0,0,0,0,0,0
51834801,15-09-2021,KVN5,NEW KVP 10000,0,0,0,0,0,0
51834801,15-09-2021,KVN6,NEW KVP 50000,0,0,0,0,0,0
51834801,15-09-2021,KVP16,KVP 2016,0,0,0,0,0,0
51834801,15-09-2021,KVP1,KISAN VIKAS PATRA 100,0,0,0,0,0,0
51834801,15-09-2021,KVP2,KISAN VIKAS PATRA 500,0,0,0,0,0,0
51834801,15-09-2021,KVP3,KISAN VIKAS PATRA 1000,0,0,0,0,0,0
51834801,15-09-2021,KVP4,KISAN VIKAS PATRA 5000,0,0,0,0,0,0
51834801,15-09-2021,KVP5,KISAN VIKAS PATRA 10000,0,0,0,0,0,0
51834801,15-09-2021,KVP6,KISAN VIKAS PATRA 50000,0,0,0,0,0,0
51834801,15-09-2021,KVPX,KISAN VIKAS PATRA - EXCEPTION,0,0,0,0,0,0
51834801,15-09-2021,LARD,RCURRING DEPOSITS HALF WITHDRAWAL,0,0,0,0,0,0
51834801,15-09-2021,LARDX,RCURRING DEPOSITS HALF WITHDRAWAL EXCEPTION,0,0,0,0,0,0
51834801,15-09-2021,LNPPF,LOAN AGAINST PPF,0,0,0,0,0,0
51834801,15-09-2021,LPPFX,LOAN AGAINST PPF EXCEPTION,0,0,0,0,0,0
51834801,15-09-2021,MISE1,MONTHLY INCOME SCHEME- EXCEPTION,0,0,0,0,0,0
51834801,15-09-2021,MISN1,MONTHLY INCOME SCHEME- NORMAL,0,0,0,0,0,0
51834801,15-09-2021,NSC16,NSC VIII,0,0,0,0,0,0
51834801,15-09-2021,NSC81,NSC VIII - RS 100,0,0,0,0,0,0
51834801,15-09-2021,NSC82,NSC VIII - RS 500,0,0,0,0,0,0
51834801,15-09-2021,NSC83,NSC VIII - RS 1000,0,0,0,0,0,0
51834801,15-09-2021,NSC84,NSC VIII - RS 5000,0,0,0,0,0,0
51834801,15-09-2021,NSC85,NSC VIII - RS 10000,0,0,0,0,0,0
51834801,15-09-2021,NSC8X,NSC VIII  - EXCEPTION,0,0,0,0,0,0
51834801,15-09-2021,NSN81,NSC VIII - RS 100,0,0,0,0,0,0
51834801,15-09-2021,NSN82,NSC VIII - RS 500,0,0,0,0,0,0
51834801,15-09-2021,NSN83,NSC VIII - RS 1000,0,0,0,0,0,0
51834801,15-09-2021,NSN84,NSC VIII - RS 5000,0,0,0,0,0,0
51834801,15-09-2021,NSN85,NSC VIII - RS 10000,0,0,0,0,0,0
51834801,15-09-2021,NSC91,NSC IX - RS 100,0,0,0,0,0,0
51834801,15-09-2021,NSC92,NSC IX - RS 500,0,0,0,0,0,0
51834801,15-09-2021,NSC93,NSC IX - RS 1000,0,0,0,0,0,0
51834801,15-09-2021,NSC94,NSC IX - RS 5000,0,0,0,0,0,0
51834801,15-09-2021,NSC95,NSC IX - RS 10000,0,0,0,0,0,0
51834801,15-09-2021,NSC9X,NSC IX - EXCEPTION,0,0,0,0,0,0
51834801,15-09-2021,NSS87,NATIONAL SAVINGS SCHEME 87,0,0,0,0,0,0
51834801,15-09-2021,NSS92,NATIONAL SAVINGS SCHEME 92,0,0,0,0,0,0
51834801,15-09-2021,PPF,PUBLIC PROVIDENT FUND,0,0,0,0,0,0
51834801,15-09-2021,PPFHU,PUBLIC PROVIDENT FUND - HUF,0,0,0,0,0,0
51834801,15-09-2021,RDIPE,RECURRING DEPOSIT- EXCEPTION,0,0,0,0,0,0
51834801,15-09-2021,RDIPN,RECURRING DEPOSIT- NORMAL,0,2,"2,250.00",1,"14,539.00",1
51834801,15-09-2021,SBSAN,SAVINGS BANK - SANCHAYIKA  WITH CHEQUE BOOK,0,0,0,0,0,0
51834801,15-09-2021,SBSWC,SAVINGS BANK - SANCHAYIKA  WITHOUT CHEQUE,0,0,0,0,0,0
51834801,15-09-2021,SBBAS,SAVINGS BANK -BASIC SAVING ACCOUNT,0,0,0,0,0,0
51834801,15-09-2021,SBCHQ,SAVINGS BANK -GENERAL - WITH CHEQUE BOOK,0,0,0,0,0,0
51834801,15-09-2021,SBGEN,SAVINGS BANK -GENERAL - WITHOUT CHEQUE BOOK,0,1,5,2,"2,505.00",1
51834801,15-09-2021,SBDIS,SAVINGS ACCOUNT – DISCONTINUED ACCOUNTS,0,0,0,0,0,0
51834801,15-09-2021,SBPEN,SAVINGS BANK - PENSIONERS WITH CHEQUE BOOK,0,0,0,0,0,0
51834801,15-09-2021,SBPWC,SAVINGS BANK - PENSIONERS WITHOUT CHEQUE BOOK,0,0,0,0,0,0
51834801,15-09-2021,SCDEF,SENIOR CITIZENS SAVINGS SCHEME-RETIRED FROM DEFENCE / NOMINEE,0,0,0,0,0,0
51834801,15-09-2021,SCEXP,SENIOR CITIZENS SAVINGS SCHEME-EXCEPTION,0,0,0,0,0,0
51834801,15-09-2021,SCSCM,SENIOR CITIZENS SAVINGS SCHEME,0,0,0,0,0,0
51834801,15-09-2021,SCVRS,SENIOR CITIZENS SAVINGS SCHEME - VOLUNTARY RETIRMENT,0,0,0,0,0,0
51834801,15-09-2021,SRDEF,SENIOR CITIZENS SAVINGS SCHEME-RETIRED FROM DEFENCE / NOMINEE,0,0,0,0,0,0
51834801,15-09-2021,SRSCM,SENIOR CITIZENS SAVINGS SCHEME,0,0,0,0,0,0
51834801,15-09-2021,SRVRS,SENIOR CITIZENS SAVINGS SCHEME - VOLUNTARY RETIRMENT,0,0,0,0,0,0
51834801,15-09-2021,SSA,SUKANYA SAMRIDDHI YOJANA,0,2,"2,000.00",0,0,0
51834801,15-09-2021,TDIP1,TERM DEPOSIT FOR ONE YEAR,0,0,0,0,0,0
51834801,15-09-2021,TDIP2,TERM DEPOSIT FOR TWO YEAR,0,0,0,0,0,0
51834801,15-09-2021,TDIP3,TERM DEPOSIT FOR THREE YEAR,0,0,0,0,0,0
51834801,15-09-2021,TDIP5,TERM DEPOSIT FOR FIVE YEAR,0,0,0,0,0,0
51834801,15-09-2021,TDIPE,TERM DEPOSIT EXCEPTION,0,0,0,0,0,0
51834901,15-09-2021,KVN3,NEW KVP 1000,0,0,0,0,0,0
51834901,15-09-2021,KVN4,NEW KVP 5000,0,0,0,0,0,0
51834901,15-09-2021,KVN5,NEW KVP 10000,0,0,0,0,0,0
51834901,15-09-2021,KVN6,NEW KVP 50000,0,0,0,0,0,0
51834901,15-09-2021,KVP16,KVP 2016,0,0,0,0,0,0
51834901,15-09-2021,KVP1,KISAN VIKAS PATRA 100,0,0,0,0,0,0
51834901,15-09-2021,KVP2,KISAN VIKAS PATRA 500,0,0,0,0,0,0
51834901,15-09-2021,KVP3,KISAN VIKAS PATRA 1000,0,0,0,0,0,0
51834901,15-09-2021,KVP4,KISAN VIKAS PATRA 5000,0,0,0,0,0,0
51834901,15-09-2021,KVP5,KISAN VIKAS PATRA 10000,0,0,0,0,0,0
51834901,15-09-2021,KVP6,KISAN VIKAS PATRA 50000,0,0,0,0,0,0
51834901,15-09-2021,KVPX,KISAN VIKAS PATRA - EXCEPTION,0,0,0,0,0,0
51834901,15-09-2021,LARD,RCURRING DEPOSITS HALF WITHDRAWAL,0,0,0,0,0,0
51834901,15-09-2021,LARDX,RCURRING DEPOSITS HALF WITHDRAWAL EXCEPTION,0,0,0,0,0,0
51834901,15-09-2021,LNPPF,LOAN AGAINST PPF,0,0,0,0,0,0
51834901,15-09-2021,LPPFX,LOAN AGAINST PPF EXCEPTION,0,0,0,0,0,0
51834901,15-09-2021,MISE1,MONTHLY INCOME SCHEME- EXCEPTION,0,0,0,0,0,0
51834901,15-09-2021,MISN1,MONTHLY INCOME SCHEME- NORMAL,0,0,0,0,0,0
51834901,15-09-2021,NSC16,NSC VIII,0,0,0,0,0,0
51834901,15-09-2021,NSC81,NSC VIII - RS 100,0,0,0,0,0,0
51834901,15-09-2021,NSC82,NSC VIII - RS 500,0,0,0,0,0,0
51834901,15-09-2021,NSC83,NSC VIII - RS 1000,0,0,0,0,0,0
51834901,15-09-2021,NSC84,NSC VIII - RS 5000,0,0,0,0,0,0
51834901,15-09-2021,NSC85,NSC VIII - RS 10000,0,0,0,0,0,0
51834901,15-09-2021,NSC8X,NSC VIII  - EXCEPTION,0,0,0,0,0,0
51834901,15-09-2021,NSN81,NSC VIII - RS 100,0,0,0,0,0,0
51834901,15-09-2021,NSN82,NSC VIII - RS 500,0,0,0,0,0,0
51834901,15-09-2021,NSN83,NSC VIII - RS 1000,0,0,0,0,0,0
51834901,15-09-2021,NSN84,NSC VIII - RS 5000,0,0,0,0,0,0
51834901,15-09-2021,NSN85,NSC VIII - RS 10000,0,0,0,0,0,0
51834901,15-09-2021,NSC91,NSC IX - RS 100,0,0,0,0,0,0
51834901,15-09-2021,NSC92,NSC IX - RS 500,0,0,0,0,0,0
51834901,15-09-2021,NSC93,NSC IX - RS 1000,0,0,0,0,0,0
51834901,15-09-2021,NSC94,NSC IX - RS 5000,0,0,0,0,0,0
51834901,15-09-2021,NSC95,NSC IX - RS 10000,0,0,0,0,0,0
51834901,15-09-2021,NSC9X,NSC IX - EXCEPTION,0,0,0,0,0,0
51834901,15-09-2021,NSS87,NATIONAL SAVINGS SCHEME 87,0,0,0,0,0,0
51834901,15-09-2021,NSS92,NATIONAL SAVINGS SCHEME 92,0,0,0,0,0,0
51834901,15-09-2021,PPF,PUBLIC PROVIDENT FUND,0,0,0,0,0,0
51834901,15-09-2021,PPFHU,PUBLIC PROVIDENT FUND - HUF,0,0,0,0,0,0
51834901,15-09-2021,RDIPE,RECURRING DEPOSIT- EXCEPTION,0,0,0,0,0,0
51834901,15-09-2021,RDIPN,RECURRING DEPOSIT- NORMAL,0,0,0,0,0,0
51834901,15-09-2021,SBSAN,SAVINGS BANK - SANCHAYIKA  WITH CHEQUE BOOK,0,0,0,0,0,0
51834901,15-09-2021,SBSWC,SAVINGS BANK - SANCHAYIKA  WITHOUT CHEQUE,0,0,0,0,0,0
51834901,15-09-2021,SBBAS,SAVINGS BANK -BASIC SAVING ACCOUNT,0,0,0,0,0,0
51834901,15-09-2021,SBCHQ,SAVINGS BANK -GENERAL - WITH CHEQUE BOOK,0,0,0,0,0,0
51834901,15-09-2021,SBGEN,SAVINGS BANK -GENERAL - WITHOUT CHEQUE BOOK,0,0,0,0,0,0
51834901,15-09-2021,SBDIS,SAVINGS ACCOUNT – DISCONTINUED ACCOUNTS,0,0,0,0,0,0
51834901,15-09-2021,SBPEN,SAVINGS BANK - PENSIONERS WITH CHEQUE BOOK,0,0,0,0,0,0
51834901,15-09-2021,SBPWC,SAVINGS BANK - PENSIONERS WITHOUT CHEQUE BOOK,0,0,0,0,0,0
51834901,15-09-2021,SCDEF,SENIOR CITIZENS SAVINGS SCHEME-RETIRED FROM DEFENCE / NOMINEE,0,0,0,0,0,0
51834901,15-09-2021,SCEXP,SENIOR CITIZENS SAVINGS SCHEME-EXCEPTION,0,0,0,0,0,0
51834901,15-09-2021,SCSCM,SENIOR CITIZENS SAVINGS SCHEME,0,0,0,0,0,0
51834901,15-09-2021,SCVRS,SENIOR CITIZENS SAVINGS SCHEME - VOLUNTARY ,0,0,0,0,0,0
51834901,15-09-2021,SRDEF,SENIOR CITIZENS SAVINGS SCHEME-RETIRED FROM DEFENCE / NOMINEE,0,0,0,0,0,0
51834901,15-09-2021,SRSCM,SENIOR CITIZENS SAVINGS SCHEME,0,0,0,0,0,0
51834901,15-09-2021,SRVRS,SENIOR CITIZENS SAVINGS SCHEME - VOLUNTARY RETIRMENT,0,0,0,0,0,0
51834901,15-09-2021,SSA,SUKANYA SAMRIDDHI YOJANA,1,1,"1,000.00",0,0,0
51834901,15-09-2021,TDIP1,TERM DEPOSIT FOR ONE YEAR,0,0,0,0,0,0
51834901,15-09-2021,TDIP2,TERM DEPOSIT FOR TWO YEAR,0,0,0,0,0,0
51834901,15-09-2021,TDIP3,TERM DEPOSIT FOR THREE YEAR,0,0,0,0,0,0
51834901,15-09-2021,TDIP5,TERM DEPOSIT FOR FIVE YEAR,0,0,0,0,0,0
51834901,15-09-2021,TDIPE,TERM DEPOSIT EXCEPTION,0,0,0,0,0,0
51835001,15-09-2021,KVN3,NEW KVP 1000,0,0,0,0,0,0
51835001,15-09-2021,KVN4,NEW KVP 5000,0,0,0,0,0,0
51835001,15-09-2021,KVN5,NEW KVP 10000,0,0,0,0,0,0
51835001,15-09-2021,KVN6,NEW KVP 50000,0,0,0,0,0,0
51835001,15-09-2021,KVP16,KVP 2016,0,0,0,0,0,0
51835001,15-09-2021,KVP1,KISAN VIKAS PATRA 100,0,0,0,0,0,0
51835001,15-09-2021,KVP2,KISAN VIKAS PATRA 500,0,0,0,0,0,0
51835001,15-09-2021,KVP3,KISAN VIKAS PATRA 1000,0,0,0,0,0,0
51835001,15-09-2021,KVP4,KISAN VIKAS PATRA 5000,0,0,0,0,0,0
51835001,15-09-2021,KVP5,KISAN VIKAS PATRA 10000,0,0,0,0,0,0
51835001,15-09-2021,KVP6,KISAN VIKAS PATRA 50000,0,0,0,0,0,0
51835001,15-09-2021,KVPX,KISAN VIKAS PATRA - EXCEPTION,0,0,0,0,0,0
51835001,15-09-2021,LARD,RCURRING DEPOSITS HALF WITHDRAWAL,0,0,0,0,0,0
51835001,15-09-2021,LARDX,RCURRING DEPOSITS HALF WITHDRAWAL EXCEPTION,0,0,0,0,0,0
51835001,15-09-2021,LNPPF,LOAN AGAINST PPF,0,0,0,0,0,0
51835001,15-09-2021,LPPFX,LOAN AGAINST PPF EXCEPTION,0,0,0,0,0,0
51835001,15-09-2021,MISE1,MONTHLY INCOME SCHEME- EXCEPTION,0,0,0,0,0,0
51835001,15-09-2021,MISN1,MONTHLY INCOME SCHEME- NORMAL,0,0,0,0,0,0
51835001,15-09-2021,NSC16,NSC VIII,0,0,0,0,0,0
51835001,15-09-2021,NSC81,NSC VIII - RS 100,0,0,0,0,0,0
51835001,15-09-2021,NSC82,NSC VIII - RS 500,0,0,0,0,0,0
51835001,15-09-2021,NSC83,NSC VIII - RS 1000,0,0,0,0,0,0
51835001,15-09-2021,NSC84,NSC VIII - RS 5000,0,0,0,0,0,0
51835001,15-09-2021,NSC85,NSC VIII - RS 10000,0,0,0,0,0,0
51835001,15-09-2021,NSC8X,NSC VIII  - EXCEPTION,0,0,0,0,0,0
51835001,15-09-2021,NSN81,NSC VIII - RS 100,0,0,0,0,0,0
51835001,15-09-2021,NSN82,NSC VIII - RS 500,0,0,0,0,0,0
51835001,15-09-2021,NSN83,NSC VIII - RS 1000,0,0,0,0,0,0
51835001,15-09-2021,NSN84,NSC VIII - RS 5000,0,0,0,0,0,0
51835001,15-09-2021,NSN85,NSC VIII - RS 10000,0,0,0,0,0,0
51835001,15-09-2021,NSC91,NSC IX - RS 100,0,0,0,0,0,0
51835001,15-09-2021,NSC92,NSC IX - RS 500,0,0,0,0,0,0
51835001,15-09-2021,NSC93,NSC IX - RS 1000,0,0,0,0,0,0
51835001,15-09-2021,NSC94,NSC IX - RS 5000,0,0,0,0,0,0
51835001,15-09-2021,NSC95,NSC IX - RS 10000,0,0,0,0,0,0
51835001,15-09-2021,NSC9X,NSC IX - EXCEPTION,0,0,0,0,0,0
51835001,15-09-2021,NSS87,NATIONAL SAVINGS SCHEME 87,0,0,0,0,0,0
51835001,15-09-2021,NSS92,NATIONAL SAVINGS SCHEME 92,0,0,0,0,0,0
51835001,15-09-2021,PPF,PUBLIC PROVIDENT FUND,0,0,0,0,0,0
51835001,15-09-2021,PPFHU,PUBLIC PROVIDENT FUND - HUF,0,0,0,0,0,0
51835001,15-09-2021,RDIPE,RECURRING DEPOSIT- EXCEPTION,0,0,0,0,0,0
51835001,15-09-2021,RDIPN,RECURRING DEPOSIT- NORMAL,0,9,"13,900.00",0,0,0
51835001,15-09-2021,SBSAN,SAVINGS BANK - SANCHAYIKA  WITH CHEQUE BOOK,0,0,0,0,0,0
51835001,15-09-2021,SBSWC,SAVINGS BANK - SANCHAYIKA  WITHOUT CHEQUE,0,0,0,0,0,0
51835001,15-09-2021,SBBAS,SAVINGS BANK -BASIC SAVING ACCOUNT,0,0,0,0,0,0
51835001,15-09-2021,SBCHQ,SAVINGS BANK -GENERAL - WITH CHEQUE BOOK,0,0,0,0,0,0
51835001,15-09-2021,SBGEN,SAVINGS BANK -GENERAL - WITHOUT CHEQUE BOOK,0,1,"19,000.00",1,"1,000.00",0
51835001,15-09-2021,SBDIS,SAVINGS ACCOUNT – DISCONTINUED ACCOUNTS,0,0,0,0,0,0
51835001,15-09-2021,SBPEN,SAVINGS BANK - PENSIONERS WITH CHEQUE BOOK,0,0,0,0,0,0
51835001,15-09-2021,SBPWC,SAVINGS BANK - PENSIONERS WITHOUT CHEQUE BOOK,0,0,0,0,0,0
51835001,15-09-2021,SCDEF,SENIOR CITIZENS SAVINGS SCHEME-RETIRED FROM DEFENCE / NOMINEE,0,0,0,0,0,0
51835001,15-09-2021,SCEXP,SENIOR CITIZENS SAVINGS SCHEME-EXCEPTION,0,0,0,0,0,0
51835001,15-09-2021,SCSCM,SENIOR CITIZENS SAVINGS SCHEME,0,0,0,0,0,0
51835001,15-09-2021,SCVRS,SENIOR CITIZENS SAVINGS SCHEME - VOLUNTARY RETIRMENT,0,0,0,0,0,0
51835001,15-09-2021,SRDEF,SENIOR CITIZENS SAVINGS SCHEME-RETIRED FROM DEFENCE / NOMINEE,0,0,0,0,0,0
51835001,15-09-2021,SRSCM,SENIOR CITIZENS SAVINGS SCHEME,0,0,0,0,0,0
51835001,15-09-2021,SRVRS,SENIOR CITIZENS SAVINGS SCHEME - VOLUNTARY RETIRMENT,0,0,0,0,0,0
51835001,15-09-2021,SSA,SUKANYA SAMRIDDHI YOJANA,0,1,"10,000.00",0,0,0
51835001,15-09-2021,TDIP1,TERM DEPOSIT FOR ONE YEAR,0,0,0,0,0,0
51835001,15-09-2021,TDIP2,TERM DEPOSIT FOR TWO YEAR,0,0,0,0,0,0
51835001,15-09-2021,TDIP3,TERM DEPOSIT FOR THREE YEAR,0,0,0,0,0,0
51835001,15-09-2021,TDIP5,TERM DEPOSIT FOR FIVE YEAR,0,0,0,0,0,0
51835001,15-09-2021,TDIPE,TERM DEPOSIT EXCEPTION,0,0,0,0,0,0
51836001,15-09-2021,KVN3,NEW KVP 1000,0,0,0,0,0,0
51836001,15-09-2021,KVN4,NEW KVP 5000,0,0,0,0,0,0
51836001,15-09-2021,KVN5,NEW KVP 10000,0,0,0,0,0,0
51836001,15-09-2021,KVN6,NEW KVP 50000,0,0,0,0,0,0
51836001,15-09-2021,KVP16,KVP 2016,0,0,0,1,"12,010.00",1
51836001,15-09-2021,KVP1,KISAN VIKAS PATRA 100,0,0,0,0,0,0
51836001,15-09-2021,KVP2,KISAN VIKAS PATRA 500,0,0,0,0,0,0
51836001,15-09-2021,KVP3,KISAN VIKAS PATRA 1000,0,0,0,0,0,0
51836001,15-09-2021,KVP4,KISAN VIKAS PATRA 5000,0,0,0,0,0,0
51836001,15-09-2021,KVP5,KISAN VIKAS PATRA 10000,0,0,0,0,0,0
51836001,15-09-2021,KVP6,KISAN VIKAS PATRA 50000,0,0,0,0,0,0
51836001,15-09-2021,KVPX,KISAN VIKAS PATRA - EXCEPTION,0,0,0,0,0,0
51836001,15-09-2021,LARD,RCURRING DEPOSITS HALF WITHDRAWAL,0,0,0,0,0,0
51836001,15-09-2021,LARDX,RCURRING DEPOSITS HALF WITHDRAWAL EXCEPTION,0,0,0,0,0,0
51836001,15-09-2021,LNPPF,LOAN AGAINST PPF,0,0,0,0,0,0
51836001,15-09-2021,LPPFX,LOAN AGAINST PPF EXCEPTION,0,0,0,0,0,0
51836001,15-09-2021,MISE1,MONTHLY INCOME SCHEME- EXCEPTION,0,0,0,0,0,0
51836001,15-09-2021,MISN1,MONTHLY INCOME SCHEME- NORMAL,0,0,0,0,0,0
51836001,15-09-2021,NSC16,NSC VIII,0,1,476,0,0,0
51836001,15-09-2021,NSC81,NSC VIII - RS 100,0,0,0,0,0,0
51836001,15-09-2021,NSC82,NSC VIII - RS 500,0,0,0,0,0,0
51836001,15-09-2021,NSC83,NSC VIII - RS 1000,0,0,0,0,0,0
51836001,15-09-2021,NSC84,NSC VIII - RS 5000,0,0,0,0,0,0
51836001,15-09-2021,NSC85,NSC VIII - RS 10000,0,0,0,0,0,0
51836001,15-09-2021,NSC8X,NSC VIII  - EXCEPTION,0,0,0,0,0,0
51836001,15-09-2021,NSN81,NSC VIII - RS 100,0,0,0,0,0,0
51836001,15-09-2021,NSN82,NSC VIII - RS 500,0,0,0,0,0,0
51836001,15-09-2021,NSN83,NSC VIII - RS 1000,0,0,0,0,0,0
51836001,15-09-2021,NSN84,NSC VIII - RS 5000,0,0,0,0,0,0
51836001,15-09-2021,NSN85,NSC VIII - RS 10000,0,0,0,0,0,0
51836001,15-09-2021,NSC91,NSC IX - RS 100,0,0,0,0,0,0
51836001,15-09-2021,NSC92,NSC IX - RS 500,0,0,0,0,0,0
51836001,15-09-2021,NSC93,NSC IX - RS 1000,0,0,0,0,0,0
51836001,15-09-2021,NSC94,NSC IX - RS 5000,0,0,0,0,0,0
51836001,15-09-2021,NSC95,NSC IX - RS 10000,0,0,0,0,0,0
51836001,15-09-2021,NSC9X,NSC IX - EXCEPTION,0,0,0,0,0,0
51836001,15-09-2021,NSS87,NATIONAL SAVINGS SCHEME 87,0,0,0,0,0,0
51836001,15-09-2021,NSS92,NATIONAL SAVINGS SCHEME 92,0,0,0,0,0,0
51836001,15-09-2021,PPF,PUBLIC PROVIDENT FUND,0,2,"7,000.00",0,0,0
51836001,15-09-2021,PPFHU,PUBLIC PROVIDENT FUND - HUF,0,0,0,0,0,0
51836001,15-09-2021,RDIPE,RECURRING DEPOSIT- EXCEPTION,0,0,0,0,0,0
51836001,15-09-2021,RDIPN,RECURRING DEPOSIT- NORMAL,3,389,"7,44,250.00",2,"14,540.00",2
51836001,15-09-2021,SBSAN,SAVINGS BANK - SANCHAYIKA  WITH CHEQUE BOOK,0,0,0,0,0,0
51836001,15-09-2021,SBSWC,SAVINGS BANK - SANCHAYIKA  WITHOUT CHEQUE,0,0,0,0,0,0
51836001,15-09-2021,SBBAS,SAVINGS BANK -BASIC SAVING ACCOUNT,0,0,0,0,0,0
51836001,15-09-2021,SBCHQ,SAVINGS BANK -GENERAL - WITH CHEQUE BOOK,0,32,"2,69,801.00",9,"8,35,030.00",0
51836001,15-09-2021,SBGEN,SAVINGS BANK -GENERAL - WITHOUT CHEQUE BOOK,0,56,"2,20,075.00",28,"3,58,123.00",2
51836001,15-09-2021,SBDIS,SAVINGS ACCOUNT – DISCONTINUED ACCOUNTS,0,0,0,0,0,0
51836001,15-09-2021,SBPEN,SAVINGS BANK - PENSIONERS WITH CHEQUE BOOK,0,0,0,0,0,0
51836001,15-09-2021,SBPWC,SAVINGS BANK - PENSIONERS WITHOUT CHEQUE BOOK,0,0,0,0,0,0
51836001,15-09-2021,SCDEF,SENIOR CITIZENS SAVINGS SCHEME-RETIRED FROM DEFENCE / NOMINEE,0,0,0,0,0,0
51836001,15-09-2021,SCEXP,SENIOR CITIZENS SAVINGS SCHEME-EXCEPTION,0,0,0,0,0,0
51836001,15-09-2021,SCSCM,SENIOR CITIZENS SAVINGS SCHEME,0,0,0,0,0,0
51836001,15-09-2021,SCVRS,SENIOR CITIZENS SAVINGS SCHEME - VOLUNTARY ,0,0,0,0,0,0
51836001,15-09-2021,SRDEF,SENIOR CITIZENS SAVINGS SCHEME-RETIRED FROM DEFENCE / NOMINEE,0,0,0,0,0,0
51836001,15-09-2021,SRSCM,SENIOR CITIZENS SAVINGS SCHEME,0,0,0,0,0,0
51836001,15-09-2021,SRVRS,SENIOR CITIZENS SAVINGS SCHEME - VOLUNTARY RETIRMENT,0,0,0,0,0,0
51836001,15-09-2021,SSA,SUKANYA SAMRIDDHI YOJANA,2,21,"1,15,800.00",0,0,0
51836001,15-09-2021,TDIP1,TERM DEPOSIT FOR ONE YEAR,2,2,"6,10,000.00",1,"2,23,000.00",1
51836001,15-09-2021,TDIP2,TERM DEPOSIT FOR TWO YEAR,0,0,0,0,0,0
51836001,15-09-2021,TDIP3,TERM DEPOSIT FOR THREE YEAR,0,0,0,0,0,0
51836001,15-09-2021,TDIP5,TERM DEPOSIT FOR FIVE YEAR,0,0,0,0,0,0
51836001,15-09-2021,TDIPE,TERM DEPOSIT EXCEPTION,0,0,0,0,0,0
51836002,15-09-2021,KVN3,NEW KVP 1000,0,0,0,0,0,0
51836002,15-09-2021,KVN4,NEW KVP 5000,0,0,0,0,0,0
51836002,15-09-2021,KVN5,NEW KVP 10000,0,0,0,0,0,0
51836002,15-09-2021,KVN6,NEW KVP 50000,0,0,0,0,0,0
51836002,15-09-2021,KVP16,KVP 2016,0,0,0,0,0,0
51836002,15-09-2021,KVP1,KISAN VIKAS PATRA 100,0,0,0,0,0,0
51836002,15-09-2021,KVP2,KISAN VIKAS PATRA 500,0,0,0,0,0,0
51836002,15-09-2021,KVP3,KISAN VIKAS PATRA 1000,0,0,0,0,0,0
51836002,15-09-2021,KVP4,KISAN VIKAS PATRA 5000,0,0,0,0,0,0
51836002,15-09-2021,KVP5,KISAN VIKAS PATRA 10000,0,0,0,0,0,0
51836002,15-09-2021,KVP6,KISAN VIKAS PATRA 50000,0,0,0,0,0,0
51836002,15-09-2021,KVPX,KISAN VIKAS PATRA - EXCEPTION,0,0,0,0,0,0
51836002,15-09-2021,LARD,RCURRING DEPOSITS HALF WITHDRAWAL,0,0,0,0,0,0
51836002,15-09-2021,LARDX,RCURRING DEPOSITS HALF WITHDRAWAL EXCEPTION,0,0,0,0,0,0
51836002,15-09-2021,LNPPF,LOAN AGAINST PPF,0,0,0,0,0,0
51836002,15-09-2021,LPPFX,LOAN AGAINST PPF EXCEPTION,0,0,0,0,0,0
51836002,15-09-2021,MISE1,MONTHLY INCOME SCHEME- EXCEPTION,0,0,0,0,0,0
51836002,15-09-2021,MISN1,MONTHLY INCOME SCHEME- NORMAL,0,0,0,0,0,0
51836002,15-09-2021,NSC16,NSC VIII,0,0,0,0,0,0
51836002,15-09-2021,NSC81,NSC VIII - RS 100,0,0,0,0,0,0
51836002,15-09-2021,NSC82,NSC VIII - RS 500,0,0,0,0,0,0
51836002,15-09-2021,NSC83,NSC VIII - RS 1000,0,0,0,0,0,0
51836002,15-09-2021,NSC84,NSC VIII - RS 5000,0,0,0,0,0,0
51836002,15-09-2021,NSC85,NSC VIII - RS 10000,0,0,0,0,0,0
51836002,15-09-2021,NSC8X,NSC VIII  - EXCEPTION,0,0,0,0,0,0
51836002,15-09-2021,NSN81,NSC VIII - RS 100,0,0,0,0,0,0
51836002,15-09-2021,NSN82,NSC VIII - RS 500,0,0,0,0,0,0
51836002,15-09-2021,NSN83,NSC VIII - RS 1000,0,0,0,0,0,0
51836002,15-09-2021,NSN84,NSC VIII - RS 5000,0,0,0,0,0,0
51836002,15-09-2021,NSN85,NSC VIII - RS 10000,0,0,0,0,0,0
51836002,15-09-2021,NSC91,NSC IX - RS 100,0,0,0,0,0,0
51836002,15-09-2021,NSC92,NSC IX - RS 500,0,0,0,0,0,0
51836002,15-09-2021,NSC93,NSC IX - RS 1000,0,0,0,0,0,0
51836002,15-09-2021,NSC94,NSC IX - RS 5000,0,0,0,0,0,0
51836002,15-09-2021,NSC95,NSC IX - RS 10000,0,0,0,0,0,0
51836002,15-09-2021,NSC9X,NSC IX - EXCEPTION,0,0,0,0,0,0
51836002,15-09-2021,NSS87,NATIONAL SAVINGS SCHEME 87,0,0,0,0,0,0
51836002,15-09-2021,NSS92,NATIONAL SAVINGS SCHEME 92,0,0,0,0,0,0
51836002,15-09-2021,PPF,PUBLIC PROVIDENT FUND,0,0,0,0,0,0
51836002,15-09-2021,PPFHU,PUBLIC PROVIDENT FUND - HUF,0,0,0,0,0,0
51836002,15-09-2021,RDIPE,RECURRING DEPOSIT- EXCEPTION,0,0,0,0,0,0
51836002,15-09-2021,RDIPN,RECURRING DEPOSIT- NORMAL,0,100,"1,71,700.00",0,0,0
51836002,15-09-2021,SBSAN,SAVINGS BANK - SANCHAYIKA  WITH CHEQUE BOOK,0,0,0,0,0,0
51836002,15-09-2021,SBSWC,SAVINGS BANK - SANCHAYIKA  WITHOUT CHEQUE,0,0,0,0,0,0
51836002,15-09-2021,SBBAS,SAVINGS BANK -BASIC SAVING ACCOUNT,0,0,0,0,0,0
51836002,15-09-2021,SBCHQ,SAVINGS BANK -GENERAL - WITH CHEQUE BOOK,1,4,"88,800.00",0,0,0
51836002,15-09-2021,SBGEN,SAVINGS BANK -GENERAL - WITHOUT CHEQUE BOOK,0,34,"2,06,688.00",9,"3,29,000.00",0
51836002,15-09-2021,SBDIS,SAVINGS ACCOUNT – DISCONTINUED ACCOUNTS,0,0,0,0,0,0
51836002,15-09-2021,SBPEN,SAVINGS BANK - PENSIONERS WITH CHEQUE BOOK,0,0,0,0,0,0
51836002,15-09-2021,SBPWC,SAVINGS BANK - PENSIONERS WITHOUT CHEQUE BOOK,0,0,0,0,0,0
51836002,15-09-2021,SCDEF,SENIOR CITIZENS SAVINGS SCHEME-RETIRED FROM DEFENCE / NOMINEE,0,0,0,0,0,0
51836002,15-09-2021,SCEXP,SENIOR CITIZENS SAVINGS SCHEME-EXCEPTION,0,0,0,0,0,0
51836002,15-09-2021,SCSCM,SENIOR CITIZENS SAVINGS SCHEME,0,0,0,0,0,0
51836002,15-09-2021,SCVRS,SENIOR CITIZENS SAVINGS SCHEME - VOLUNTARY RETIRMENT,0,0,0,0,0,0
51836002,15-09-2021,SRDEF,SENIOR CITIZENS SAVINGS SCHEME-RETIRED FROM DEFENCE / NOMINEE,0,0,0,0,0,0
51836002,15-09-2021,SRSCM,SENIOR CITIZENS SAVINGS SCHEME,0,0,0,0,0,0
51836002,15-09-2021,SRVRS,SENIOR CITIZENS SAVINGS SCHEME - VOLUNTARY RETIRMENT,0,0,0,0,0,0
51836002,15-09-2021,SSA,SUKANYA SAMRIDDHI YOJANA,0,5,"5,000.00",0,0,0
51836002,15-09-2021,TDIP1,TERM DEPOSIT FOR ONE YEAR,0,0,0,0,0,0
51836002,15-09-2021,TDIP2,TERM DEPOSIT FOR TWO YEAR,0,0,0,0,0,0
51836002,15-09-2021,TDIP3,TERM DEPOSIT FOR THREE YEAR,0,0,0,0,0,0
51836002,15-09-2021,TDIP5,TERM DEPOSIT FOR FIVE YEAR,0,0,0,0,0,0
51836002,15-09-2021,TDIPE,TERM DEPOSIT EXCEPTION,0,0,0,0,0,0
51838001,15-09-2021,KVN3,NEW KVP 1000,0,0,0,0,0,0
51838001,15-09-2021,KVN4,NEW KVP 5000,0,0,0,0,0,0
51838001,15-09-2021,KVN5,NEW KVP 10000,0,0,0,0,0,0
51838001,15-09-2021,KVN6,NEW KVP 50000,0,0,0,0,0,0
51838001,15-09-2021,KVP16,KVP 2016,0,0,0,0,0,0
51838001,15-09-2021,KVP1,KISAN VIKAS PATRA 100,0,0,0,0,0,0
51838001,15-09-2021,KVP2,KISAN VIKAS PATRA 500,0,0,0,0,0,0
51838001,15-09-2021,KVP3,KISAN VIKAS PATRA 1000,0,0,0,0,0,0
51838001,15-09-2021,KVP4,KISAN VIKAS PATRA 5000,0,0,0,0,0,0
51838001,15-09-2021,KVP5,KISAN VIKAS PATRA 10000,0,0,0,0,0,0
51838001,15-09-2021,KVP6,KISAN VIKAS PATRA 50000,0,0,0,0,0,0
51838001,15-09-2021,KVPX,KISAN VIKAS PATRA - EXCEPTION,0,0,0,0,0,0
51838001,15-09-2021,LARD,RCURRING DEPOSITS HALF WITHDRAWAL,0,0,0,0,0,0
51838001,15-09-2021,LARDX,RCURRING DEPOSITS HALF WITHDRAWAL EXCEPTION,0,0,0,0,0,0
51838001,15-09-2021,LNPPF,LOAN AGAINST PPF,0,0,0,0,0,0
51838001,15-09-2021,LPPFX,LOAN AGAINST PPF EXCEPTION,0,0,0,0,0,0
51838001,15-09-2021,MISE1,MONTHLY INCOME SCHEME- EXCEPTION,0,0,0,0,0,0
51838001,15-09-2021,MISN1,MONTHLY INCOME SCHEME- NORMAL,0,0,0,0,0,0
51838001,15-09-2021,NSC16,NSC VIII,0,0,0,0,0,0
51838001,15-09-2021,NSC81,NSC VIII - RS 100,0,0,0,0,0,0
51838001,15-09-2021,NSC82,NSC VIII - RS 500,0,0,0,0,0,0
51838001,15-09-2021,NSC83,NSC VIII - RS 1000,0,0,0,1,"1,561.00",1
51838001,15-09-2021,NSC84,NSC VIII - RS 5000,0,0,0,0,0,0
51838001,15-09-2021,NSC85,NSC VIII - RS 10000,0,0,0,0,0,0
51838001,15-09-2021,NSC8X,NSC VIII  - EXCEPTION,0,0,0,0,0,0
51838001,15-09-2021,NSN81,NSC VIII - RS 100,0,0,0,0,0,0
51838001,15-09-2021,NSN82,NSC VIII - RS 500,0,0,0,0,0,0
51838001,15-09-2021,NSN83,NSC VIII - RS 1000,0,0,0,2,"3,000.00",2
51838001,15-09-2021,NSN84,NSC VIII - RS 5000,0,0,0,0,0,0
51838001,15-09-2021,NSN85,NSC VIII - RS 10000,0,0,0,0,0,0
51838001,15-09-2021,NSC91,NSC IX - RS 100,0,0,0,0,0,0
51838001,15-09-2021,NSC92,NSC IX - RS 500,0,0,0,0,0,0
51838001,15-09-2021,NSC93,NSC IX - RS 1000,0,0,0,0,0,0
51838001,15-09-2021,NSC94,NSC IX - RS 5000,0,0,0,0,0,0
51838001,15-09-2021,NSC95,NSC IX - RS 10000,0,0,0,0,0,0
51838001,15-09-2021,NSC9X,NSC IX - EXCEPTION,0,0,0,0,0,0
51838001,15-09-2021,NSS87,NATIONAL SAVINGS SCHEME 87,0,0,0,0,0,0
51838001,15-09-2021,NSS92,NATIONAL SAVINGS SCHEME 92,0,0,0,0,0,0
51838001,15-09-2021,PPF,PUBLIC PROVIDENT FUND,0,1,"5,000.00",0,0,0
51838001,15-09-2021,PPFHU,PUBLIC PROVIDENT FUND - HUF,0,0,0,0,0,0
51838001,15-09-2021,RDIPE,RECURRING DEPOSIT- EXCEPTION,0,0,0,0,0,0
51838001,15-09-2021,RDIPN,RECURRING DEPOSIT- NORMAL,0,30,"84,500.00",3,"94,144.00",3
51838001,15-09-2021,SBSAN,SAVINGS BANK - SANCHAYIKA  WITH CHEQUE BOOK,0,0,0,0,0,0
51838001,15-09-2021,SBSWC,SAVINGS BANK - SANCHAYIKA  WITHOUT CHEQUE,0,0,0,0,0,0
51838001,15-09-2021,SBBAS,SAVINGS BANK -BASIC SAVING ACCOUNT,0,0,0,0,0,0
51838001,15-09-2021,SBCHQ,SAVINGS BANK -GENERAL - WITH CHEQUE BOOK,0,10,"22,157.00",4,"37,000.00",0
51838001,15-09-2021,SBGEN,SAVINGS BANK -GENERAL - WITHOUT CHEQUE BOOK,2,21,"2,42,437.00",3,"33,500.00",0
51838001,15-09-2021,SBDIS,SAVINGS ACCOUNT – DISCONTINUED ACCOUNTS,0,0,0,0,0,0
51838001,15-09-2021,SBPEN,SAVINGS BANK - PENSIONERS WITH CHEQUE BOOK,0,0,0,0,0,0
51838001,15-09-2021,SBPWC,SAVINGS BANK - PENSIONERS WITHOUT CHEQUE BOOK,0,0,0,0,0,0
51838001,15-09-2021,SCDEF,SENIOR CITIZENS SAVINGS SCHEME-RETIRED FROM DEFENCE / NOMINEE,0,0,0,0,0,0
51838001,15-09-2021,SCEXP,SENIOR CITIZENS SAVINGS SCHEME-EXCEPTION,0,0,0,0,0,0
51838001,15-09-2021,SCSCM,SENIOR CITIZENS SAVINGS SCHEME,0,0,0,0,0,0
51838001,15-09-2021,SCVRS,SENIOR CITIZENS SAVINGS SCHEME - VOLUNTARY ,0,0,0,0,0,0
51838001,15-09-2021,SRDEF,SENIOR CITIZENS SAVINGS SCHEME-RETIRED FROM DEFENCE / NOMINEE,0,0,0,0,0,0
51838001,15-09-2021,SRSCM,SENIOR CITIZENS SAVINGS SCHEME,0,0,0,0,0,0
51838001,15-09-2021,SRVRS,SENIOR CITIZENS SAVINGS SCHEME - VOLUNTARY RETIRMENT,0,0,0,0,0,0
51838001,15-09-2021,SSA,SUKANYA SAMRIDDHI YOJANA,1,6,"8,650.00",0,0,0
51838001,15-09-2021,TDIP1,TERM DEPOSIT FOR ONE YEAR,0,0,0,0,0,0
51838001,15-09-2021,TDIP2,TERM DEPOSIT FOR TWO YEAR,0,0,0,0,0,0
51838001,15-09-2021,TDIP3,TERM DEPOSIT FOR THREE YEAR,0,0,0,0,0,0
51838001,15-09-2021,TDIP5,TERM DEPOSIT FOR FIVE YEAR,0,0,0,0,0,0
51838001,15-09-2021,TDIPE,TERM DEPOSIT EXCEPTION,0,0,0,0,0,0
51838501,15-09-2021,KVN3,NEW KVP 1000,0,0,0,0,0,0
51838501,15-09-2021,KVN4,NEW KVP 5000,0,0,0,0,0,0
51838501,15-09-2021,KVN5,NEW KVP 10000,0,0,0,0,0,0
51838501,15-09-2021,KVN6,NEW KVP 50000,0,0,0,0,0,0
51838501,15-09-2021,KVP16,KVP 2016,0,0,0,0,0,0
51838501,15-09-2021,KVP1,KISAN VIKAS PATRA 100,0,0,0,0,0,0
51838501,15-09-2021,KVP2,KISAN VIKAS PATRA 500,0,0,0,0,0,0
51838501,15-09-2021,KVP3,KISAN VIKAS PATRA 1000,0,0,0,0,0,0
51838501,15-09-2021,KVP4,KISAN VIKAS PATRA 5000,0,0,0,0,0,0
51838501,15-09-2021,KVP5,KISAN VIKAS PATRA 10000,0,0,0,0,0,0
51838501,15-09-2021,KVP6,KISAN VIKAS PATRA 50000,0,0,0,0,0,0
51838501,15-09-2021,KVPX,KISAN VIKAS PATRA - EXCEPTION,0,0,0,0,0,0
51838501,15-09-2021,LARD,RCURRING DEPOSITS HALF WITHDRAWAL,0,0,0,0,0,0
51838501,15-09-2021,LARDX,RCURRING DEPOSITS HALF WITHDRAWAL EXCEPTION,0,0,0,0,0,0
51838501,15-09-2021,LNPPF,LOAN AGAINST PPF,0,0,0,0,0,0
51838501,15-09-2021,LPPFX,LOAN AGAINST PPF EXCEPTION,0,0,0,0,0,0
51838501,15-09-2021,MISE1,MONTHLY INCOME SCHEME- EXCEPTION,0,0,0,0,0,0
51838501,15-09-2021,MISN1,MONTHLY INCOME SCHEME- NORMAL,0,0,0,0,0,0
51838501,15-09-2021,NSC16,NSC VIII,0,0,0,0,0,0
51838501,15-09-2021,NSC81,NSC VIII - RS 100,0,0,0,0,0,0
51838501,15-09-2021,NSC82,NSC VIII - RS 500,0,0,0,0,0,0
51838501,15-09-2021,NSC83,NSC VIII - RS 1000,0,0,0,0,0,0
51838501,15-09-2021,NSC84,NSC VIII - RS 5000,0,0,0,0,0,0
51838501,15-09-2021,NSC85,NSC VIII - RS 10000,0,0,0,0,0,0
51838501,15-09-2021,NSC8X,NSC VIII  - EXCEPTION,0,0,0,0,0,0
51838501,15-09-2021,NSN81,NSC VIII - RS 100,0,0,0,0,0,0
51838501,15-09-2021,NSN82,NSC VIII - RS 500,0,0,0,0,0,0
51838501,15-09-2021,NSN83,NSC VIII - RS 1000,0,0,0,0,0,0
51838501,15-09-2021,NSN84,NSC VIII - RS 5000,0,0,0,0,0,0
51838501,15-09-2021,NSN85,NSC VIII - RS 10000,0,0,0,0,0,0
51838501,15-09-2021,NSC91,NSC IX - RS 100,0,0,0,0,0,0
51838501,15-09-2021,NSC92,NSC IX - RS 500,0,0,0,0,0,0
51838501,15-09-2021,NSC93,NSC IX - RS 1000,0,0,0,0,0,0
51838501,15-09-2021,NSC94,NSC IX - RS 5000,0,0,0,0,0,0
51838501,15-09-2021,NSC95,NSC IX - RS 10000,0,0,0,0,0,0
51838501,15-09-2021,NSC9X,NSC IX - EXCEPTION,0,0,0,0,0,0
51838501,15-09-2021,NSS87,NATIONAL SAVINGS SCHEME 87,0,0,0,0,0,0
51838501,15-09-2021,NSS92,NATIONAL SAVINGS SCHEME 92,0,0,0,0,0,0
51838501,15-09-2021,PPF,PUBLIC PROVIDENT FUND,0,0,0,0,0,0
51838501,15-09-2021,PPFHU,PUBLIC PROVIDENT FUND - HUF,0,0,0,0,0,0
51838501,15-09-2021,RDIPE,RECURRING DEPOSIT- EXCEPTION,0,0,0,0,0,0
51838501,15-09-2021,RDIPN,RECURRING DEPOSIT- NORMAL,0,23,"22,800.00",0,0,0
51838501,15-09-2021,SBSAN,SAVINGS BANK - SANCHAYIKA  WITH CHEQUE BOOK,0,0,0,0,0,0
51838501,15-09-2021,SBSWC,SAVINGS BANK - SANCHAYIKA  WITHOUT CHEQUE,0,0,0,0,0,0
51838501,15-09-2021,SBBAS,SAVINGS BANK -BASIC SAVING ACCOUNT,0,0,0,0,0,0
51838501,15-09-2021,SBCHQ,SAVINGS BANK -GENERAL - WITH CHEQUE BOOK,0,1,475,2,"1,20,000.00",0
51838501,15-09-2021,SBGEN,SAVINGS BANK -GENERAL - WITHOUT CHEQUE BOOK,0,13,"58,742.00",4,"46,000.00",0
51838501,15-09-2021,SBDIS,SAVINGS ACCOUNT – DISCONTINUED ACCOUNTS,0,0,0,0,0,0
51838501,15-09-2021,SBPEN,SAVINGS BANK - PENSIONERS WITH CHEQUE BOOK,0,0,0,0,0,0
51838501,15-09-2021,SBPWC,SAVINGS BANK - PENSIONERS WITHOUT CHEQUE BOOK,0,0,0,0,0,0
51838501,15-09-2021,SCDEF,SENIOR CITIZENS SAVINGS SCHEME-RETIRED FROM DEFENCE / NOMINEE,0,0,0,0,0,0
51838501,15-09-2021,SCEXP,SENIOR CITIZENS SAVINGS SCHEME-EXCEPTION,0,0,0,0,0,0
51838501,15-09-2021,SCSCM,SENIOR CITIZENS SAVINGS SCHEME,0,0,0,0,0,0
51838501,15-09-2021,SCVRS,SENIOR CITIZENS SAVINGS SCHEME - VOLUNTARY RETIRMENT,0,0,0,0,0,0
51838501,15-09-2021,SRDEF,SENIOR CITIZENS SAVINGS SCHEME-RETIRED FROM DEFENCE / NOMINEE,0,0,0,0,0,0
51838501,15-09-2021,SRSCM,SENIOR CITIZENS SAVINGS SCHEME,0,0,0,0,0,0
51838501,15-09-2021,SRVRS,SENIOR CITIZENS SAVINGS SCHEME - VOLUNTARY RETIRMENT,0,0,0,0,0,0
51838501,15-09-2021,SSA,SUKANYA SAMRIDDHI YOJANA,0,4,"12,000.00",0,0,0
51838501,15-09-2021,TDIP1,TERM DEPOSIT FOR ONE YEAR,0,1,"1,00,000.00",1,"47,000.00",1
51838501,15-09-2021,TDIP2,TERM DEPOSIT FOR TWO YEAR,0,0,0,0,0,0
51838501,15-09-2021,TDIP3,TERM DEPOSIT FOR THREE YEAR,0,0,0,0,0,0
51838501,15-09-2021,TDIP5,TERM DEPOSIT FOR FIVE YEAR,0,0,0,0,0,0
51838501,15-09-2021,TDIPE,TERM DEPOSIT EXCEPTION,0,0,0,0,0,0
51839001,15-09-2021,KVN3,NEW KVP 1000,0,0,0,0,0,0
51839001,15-09-2021,KVN4,NEW KVP 5000,0,0,0,0,0,0
51839001,15-09-2021,KVN5,NEW KVP 10000,0,0,0,0,0,0
51839001,15-09-2021,KVN6,NEW KVP 50000,0,0,0,0,0,0
51839001,15-09-2021,KVP16,KVP 2016,0,0,0,0,0,0
51839001,15-09-2021,KVP1,KISAN VIKAS PATRA 100,0,0,0,0,0,0
51839001,15-09-2021,KVP2,KISAN VIKAS PATRA 500,0,0,0,0,0,0
51839001,15-09-2021,KVP3,KISAN VIKAS PATRA 1000,0,0,0,0,0,0
51839001,15-09-2021,KVP4,KISAN VIKAS PATRA 5000,0,0,0,0,0,0
51839001,15-09-2021,KVP5,KISAN VIKAS PATRA 10000,0,0,0,0,0,0
51839001,15-09-2021,KVP6,KISAN VIKAS PATRA 50000,0,0,0,0,0,0
51839001,15-09-2021,KVPX,KISAN VIKAS PATRA - EXCEPTION,0,0,0,0,0,0
51839001,15-09-2021,LARD,RCURRING DEPOSITS HALF WITHDRAWAL,0,0,0,0,0,0
51839001,15-09-2021,LARDX,RCURRING DEPOSITS HALF WITHDRAWAL EXCEPTION,0,0,0,0,0,0
51839001,15-09-2021,LNPPF,LOAN AGAINST PPF,0,0,0,0,0,0
51839001,15-09-2021,LPPFX,LOAN AGAINST PPF EXCEPTION,0,0,0,0,0,0
51839001,15-09-2021,MISE1,MONTHLY INCOME SCHEME- EXCEPTION,0,0,0,0,0,0
51839001,15-09-2021,MISN1,MONTHLY INCOME SCHEME- NORMAL,0,0,0,0,0,0
51839001,15-09-2021,NSC16,NSC VIII,0,0,0,0,0,0
51839001,15-09-2021,NSC81,NSC VIII - RS 100,0,0,0,0,0,0
51839001,15-09-2021,NSC82,NSC VIII - RS 500,0,0,0,0,0,0
51839001,15-09-2021,NSC83,NSC VIII - RS 1000,0,0,0,0,0,0
51839001,15-09-2021,NSC84,NSC VIII - RS 5000,0,0,0,0,0,0
51839001,15-09-2021,NSC85,NSC VIII - RS 10000,0,0,0,0,0,0
51839001,15-09-2021,NSC8X,NSC VIII  - EXCEPTION,0,0,0,0,0,0
51839001,15-09-2021,NSN81,NSC VIII - RS 100,0,0,0,0,0,0
51839001,15-09-2021,NSN82,NSC VIII - RS 500,0,0,0,0,0,0
51839001,15-09-2021,NSN83,NSC VIII - RS 1000,0,0,0,0,0,0
51839001,15-09-2021,NSN84,NSC VIII - RS 5000,0,0,0,0,0,0
51839001,15-09-2021,NSN85,NSC VIII - RS 10000,0,0,0,0,0,0
51839001,15-09-2021,NSC91,NSC IX - RS 100,0,0,0,0,0,0
51839001,15-09-2021,NSC92,NSC IX - RS 500,0,0,0,0,0,0
51839001,15-09-2021,NSC93,NSC IX - RS 1000,0,0,0,0,0,0
51839001,15-09-2021,NSC94,NSC IX - RS 5000,0,0,0,0,0,0
51839001,15-09-2021,NSC95,NSC IX - RS 10000,0,0,0,0,0,0
51839001,15-09-2021,NSC9X,NSC IX - EXCEPTION,0,0,0,0,0,0
51839001,15-09-2021,NSS87,NATIONAL SAVINGS SCHEME 87,0,0,0,0,0,0
51839001,15-09-2021,NSS92,NATIONAL SAVINGS SCHEME 92,0,0,0,0,0,0
51839001,15-09-2021,PPF,PUBLIC PROVIDENT FUND,0,0,0,0,0,0
51839001,15-09-2021,PPFHU,PUBLIC PROVIDENT FUND - HUF,0,0,0,0,0,0
51839001,15-09-2021,RDIPE,RECURRING DEPOSIT- EXCEPTION,0,0,0,0,0,0
51839001,15-09-2021,RDIPN,RECURRING DEPOSIT- NORMAL,1,4,"4,500.00",0,0,0
51839001,15-09-2021,SBSAN,SAVINGS BANK - SANCHAYIKA  WITH CHEQUE BOOK,0,0,0,0,0,0
51839001,15-09-2021,SBSWC,SAVINGS BANK - SANCHAYIKA  WITHOUT CHEQUE,0,0,0,0,0,0
51839001,15-09-2021,SBBAS,SAVINGS BANK -BASIC SAVING ACCOUNT,0,0,0,0,0,0
51839001,15-09-2021,SBCHQ,SAVINGS BANK -GENERAL - WITH CHEQUE BOOK,0,0,0,0,0,0
51839001,15-09-2021,SBGEN,SAVINGS BANK -GENERAL - WITHOUT CHEQUE BOOK,4,4,"2,000.00",1,500,0
51839001,15-09-2021,SBDIS,SAVINGS ACCOUNT – DISCONTINUED ACCOUNTS,0,0,0,0,0,0
51839001,15-09-2021,SBPEN,SAVINGS BANK - PENSIONERS WITH CHEQUE BOOK,0,0,0,0,0,0
51839001,15-09-2021,SBPWC,SAVINGS BANK - PENSIONERS WITHOUT CHEQUE BOOK,0,0,0,0,0,0
51839001,15-09-2021,SCDEF,SENIOR CITIZENS SAVINGS SCHEME-RETIRED FROM DEFENCE / NOMINEE,0,0,0,0,0,0
51839001,15-09-2021,SCEXP,SENIOR CITIZENS SAVINGS SCHEME-EXCEPTION,0,0,0,0,0,0
51839001,15-09-2021,SCSCM,SENIOR CITIZENS SAVINGS SCHEME,0,0,0,0,0,0
51839001,15-09-2021,SCVRS,SENIOR CITIZENS SAVINGS SCHEME - VOLUNTARY ,0,0,0,0,0,0
51839001,15-09-2021,SRDEF,SENIOR CITIZENS SAVINGS SCHEME-RETIRED FROM DEFENCE / NOMINEE,0,0,0,0,0,0
51839001,15-09-2021,SRSCM,SENIOR CITIZENS SAVINGS SCHEME,0,0,0,0,0,0
51839001,15-09-2021,SRVRS,SENIOR CITIZENS SAVINGS SCHEME - VOLUNTARY RETIRMENT,0,0,0,0,0,0
51839001,15-09-2021,SSA,SUKANYA SAMRIDDHI YOJANA,0,0,0,0,0,0
51839001,15-09-2021,TDIP1,TERM DEPOSIT FOR ONE YEAR,0,0,0,0,0,0
51839001,15-09-2021,TDIP2,TERM DEPOSIT FOR TWO YEAR,0,0,0,0,0,0
51839001,15-09-2021,TDIP3,TERM DEPOSIT FOR THREE YEAR,0,0,0,0,0,0
51839001,15-09-2021,TDIP5,TERM DEPOSIT FOR FIVE YEAR,0,0,0,0,0,0
51839001,15-09-2021,TDIPE,TERM DEPOSIT EXCEPTION,0,0,0,0,0,0
51839501,15-09-2021,KVN3,NEW KVP 1000,0,0,0,0,0,0
51839501,15-09-2021,KVN4,NEW KVP 5000,0,0,0,0,0,0
51839501,15-09-2021,KVN5,NEW KVP 10000,0,0,0,0,0,0
51839501,15-09-2021,KVN6,NEW KVP 50000,0,0,0,0,0,0
51839501,15-09-2021,KVP16,KVP 2016,0,0,0,0,0,0
51839501,15-09-2021,KVP1,KISAN VIKAS PATRA 100,0,0,0,0,0,0
51839501,15-09-2021,KVP2,KISAN VIKAS PATRA 500,0,0,0,0,0,0
51839501,15-09-2021,KVP3,KISAN VIKAS PATRA 1000,0,0,0,0,0,0
51839501,15-09-2021,KVP4,KISAN VIKAS PATRA 5000,0,0,0,0,0,0
51839501,15-09-2021,KVP5,KISAN VIKAS PATRA 10000,0,0,0,0,0,0
51839501,15-09-2021,KVP6,KISAN VIKAS PATRA 50000,0,0,0,0,0,0
51839501,15-09-2021,KVPX,KISAN VIKAS PATRA - EXCEPTION,0,0,0,0,0,0
51839501,15-09-2021,LARD,RCURRING DEPOSITS HALF WITHDRAWAL,0,0,0,0,0,0
51839501,15-09-2021,LARDX,RCURRING DEPOSITS HALF WITHDRAWAL EXCEPTION,0,0,0,0,0,0
51839501,15-09-2021,LNPPF,LOAN AGAINST PPF,0,0,0,0,0,0
51839501,15-09-2021,LPPFX,LOAN AGAINST PPF EXCEPTION,0,0,0,0,0,0
51839501,15-09-2021,MISE1,MONTHLY INCOME SCHEME- EXCEPTION,0,0,0,0,0,0
51839501,15-09-2021,MISN1,MONTHLY INCOME SCHEME- NORMAL,0,0,0,1,"5,01,000.00",1
51839501,15-09-2021,NSC16,NSC VIII,0,0,0,0,0,0
51839501,15-09-2021,NSC81,NSC VIII - RS 100,0,0,0,0,0,0
51839501,15-09-2021,NSC82,NSC VIII - RS 500,0,0,0,0,0,0
51839501,15-09-2021,NSC83,NSC VIII - RS 1000,0,0,0,0,0,0
51839501,15-09-2021,NSC84,NSC VIII - RS 5000,0,0,0,0,0,0
51839501,15-09-2021,NSC85,NSC VIII - RS 10000,0,0,0,0,0,0
51839501,15-09-2021,NSC8X,NSC VIII  - EXCEPTION,0,0,0,0,0,0
51839501,15-09-2021,NSN81,NSC VIII - RS 100,0,0,0,0,0,0
51839501,15-09-2021,NSN82,NSC VIII - RS 500,0,0,0,0,0,0
51839501,15-09-2021,NSN83,NSC VIII - RS 1000,0,0,0,0,0,0
51839501,15-09-2021,NSN84,NSC VIII - RS 5000,0,0,0,0,0,0
51839501,15-09-2021,NSN85,NSC VIII - RS 10000,0,0,0,0,0,0
51839501,15-09-2021,NSC91,NSC IX - RS 100,0,0,0,0,0,0
51839501,15-09-2021,NSC92,NSC IX - RS 500,0,0,0,0,0,0
51839501,15-09-2021,NSC93,NSC IX - RS 1000,0,0,0,0,0,0
51839501,15-09-2021,NSC94,NSC IX - RS 5000,0,0,0,0,0,0
51839501,15-09-2021,NSC95,NSC IX - RS 10000,0,0,0,0,0,0
51839501,15-09-2021,NSC9X,NSC IX - EXCEPTION,0,0,0,0,0,0
51839501,15-09-2021,NSS87,NATIONAL SAVINGS SCHEME 87,0,0,0,0,0,0
51839501,15-09-2021,NSS92,NATIONAL SAVINGS SCHEME 92,0,0,0,0,0,0
51839501,15-09-2021,PPF,PUBLIC PROVIDENT FUND,0,0,0,0,0,0
51839501,15-09-2021,PPFHU,PUBLIC PROVIDENT FUND - HUF,0,0,0,0,0,0
51839501,15-09-2021,RDIPE,RECURRING DEPOSIT- EXCEPTION,0,0,0,0,0,0
51839501,15-09-2021,RDIPN,RECURRING DEPOSIT- NORMAL,1,24,"43,450.00",5,"18,175.00",5
51839501,15-09-2021,SBSAN,SAVINGS BANK - SANCHAYIKA  WITH CHEQUE BOOK,0,0,0,0,0,0
51839501,15-09-2021,SBSWC,SAVINGS BANK - SANCHAYIKA  WITHOUT CHEQUE,0,0,0,0,0,0
51839501,15-09-2021,SBBAS,SAVINGS BANK -BASIC SAVING ACCOUNT,0,0,0,0,0,0
51839501,15-09-2021,SBCHQ,SAVINGS BANK -GENERAL - WITH CHEQUE BOOK,0,1,975,0,0,0
51839501,15-09-2021,SBGEN,SAVINGS BANK -GENERAL - WITHOUT CHEQUE BOOK,0,14,"6,33,301.00",5,"45,950.00",0
51839501,15-09-2021,SBDIS,SAVINGS ACCOUNT – DISCONTINUED ACCOUNTS,0,0,0,0,0,0
51839501,15-09-2021,SBPEN,SAVINGS BANK - PENSIONERS WITH CHEQUE BOOK,0,0,0,0,0,0
51839501,15-09-2021,SBPWC,SAVINGS BANK - PENSIONERS WITHOUT CHEQUE BOOK,0,0,0,1,"2,000.00",0
51839501,15-09-2021,SCDEF,SENIOR CITIZENS SAVINGS SCHEME-RETIRED FROM DEFENCE / NOMINEE,0,0,0,0,0,0
51839501,15-09-2021,SCEXP,SENIOR CITIZENS SAVINGS SCHEME-EXCEPTION,0,0,0,0,0,0
51839501,15-09-2021,SCSCM,SENIOR CITIZENS SAVINGS SCHEME,0,0,0,0,0,0
51839501,15-09-2021,SCVRS,SENIOR CITIZENS SAVINGS SCHEME - VOLUNTARY RETIRMENT,0,0,0,0,0,0
51839501,15-09-2021,SRDEF,SENIOR CITIZENS SAVINGS SCHEME-RETIRED FROM DEFENCE / NOMINEE,0,0,0,0,0,0
51839501,15-09-2021,SRSCM,SENIOR CITIZENS SAVINGS SCHEME,0,0,0,0,0,0
51839501,15-09-2021,SRVRS,SENIOR CITIZENS SAVINGS SCHEME - VOLUNTARY RETIRMENT,0,0,0,0,0,0
51839501,15-09-2021,SSA,SUKANYA SAMRIDDHI YOJANA,0,2,"2,000.00",0,0,0
51839501,15-09-2021,TDIP1,TERM DEPOSIT FOR ONE YEAR,0,0,0,0,0,0
51839501,15-09-2021,TDIP2,TERM DEPOSIT FOR TWO YEAR,0,0,0,0,0,0
51839501,15-09-2021,TDIP3,TERM DEPOSIT FOR THREE YEAR,0,0,0,0,0,0
51839501,15-09-2021,TDIP5,TERM DEPOSIT FOR FIVE YEAR,0,0,0,0,0,0
51839501,15-09-2021,TDIPE,TERM DEPOSIT EXCEPTION,0,0,0,0,0,0
51839601,15-09-2021,KVN3,NEW KVP 1000,0,0,0,0,0,0
51839601,15-09-2021,KVN4,NEW KVP 5000,0,0,0,0,0,0
51839601,15-09-2021,KVN5,NEW KVP 10000,0,0,0,0,0,0
51839601,15-09-2021,KVN6,NEW KVP 50000,0,0,0,0,0,0
51839601,15-09-2021,KVP16,KVP 2016,0,0,0,0,0,0
51839601,15-09-2021,KVP1,KISAN VIKAS PATRA 100,0,0,0,0,0,0
51839601,15-09-2021,KVP2,KISAN VIKAS PATRA 500,0,0,0,0,0,0
51839601,15-09-2021,KVP3,KISAN VIKAS PATRA 1000,0,0,0,0,0,0
51839601,15-09-2021,KVP4,KISAN VIKAS PATRA 5000,0,0,0,0,0,0
51839601,15-09-2021,KVP5,KISAN VIKAS PATRA 10000,0,0,0,0,0,0
51839601,15-09-2021,KVP6,KISAN VIKAS PATRA 50000,0,0,0,0,0,0
51839601,15-09-2021,KVPX,KISAN VIKAS PATRA - EXCEPTION,0,0,0,0,0,0
51839601,15-09-2021,LARD,RCURRING DEPOSITS HALF WITHDRAWAL,0,0,0,0,0,0
51839601,15-09-2021,LARDX,RCURRING DEPOSITS HALF WITHDRAWAL EXCEPTION,0,0,0,0,0,0
51839601,15-09-2021,LNPPF,LOAN AGAINST PPF,0,0,0,0,0,0
51839601,15-09-2021,LPPFX,LOAN AGAINST PPF EXCEPTION,0,0,0,0,0,0
51839601,15-09-2021,MISE1,MONTHLY INCOME SCHEME- EXCEPTION,0,0,0,0,0,0
51839601,15-09-2021,MISN1,MONTHLY INCOME SCHEME- NORMAL,0,0,0,0,0,0
51839601,15-09-2021,NSC16,NSC VIII,0,0,0,0,0,0
51839601,15-09-2021,NSC81,NSC VIII - RS 100,0,0,0,0,0,0
51839601,15-09-2021,NSC82,NSC VIII - RS 500,0,0,0,0,0,0
51839601,15-09-2021,NSC83,NSC VIII - RS 1000,0,0,0,0,0,0
51839601,15-09-2021,NSC84,NSC VIII - RS 5000,0,0,0,0,0,0
51839601,15-09-2021,NSC85,NSC VIII - RS 10000,0,0,0,0,0,0
51839601,15-09-2021,NSC8X,NSC VIII  - EXCEPTION,0,0,0,0,0,0
51839601,15-09-2021,NSN81,NSC VIII - RS 100,0,0,0,0,0,0
51839601,15-09-2021,NSN82,NSC VIII - RS 500,0,0,0,0,0,0
51839601,15-09-2021,NSN83,NSC VIII - RS 1000,0,0,0,0,0,0
51839601,15-09-2021,NSN84,NSC VIII - RS 5000,0,0,0,0,0,0
51839601,15-09-2021,NSN85,NSC VIII - RS 10000,0,0,0,0,0,0
51839601,15-09-2021,NSC91,NSC IX - RS 100,0,0,0,0,0,0
51839601,15-09-2021,NSC92,NSC IX - RS 500,0,0,0,0,0,0
51839601,15-09-2021,NSC93,NSC IX - RS 1000,0,0,0,0,0,0
51839601,15-09-2021,NSC94,NSC IX - RS 5000,0,0,0,0,0,0
51839601,15-09-2021,NSC95,NSC IX - RS 10000,0,0,0,0,0,0
51839601,15-09-2021,NSC9X,NSC IX - EXCEPTION,0,0,0,0,0,0
51839601,15-09-2021,NSS87,NATIONAL SAVINGS SCHEME 87,0,0,0,0,0,0
51839601,15-09-2021,NSS92,NATIONAL SAVINGS SCHEME 92,0,0,0,0,0,0
51839601,15-09-2021,PPF,PUBLIC PROVIDENT FUND,0,0,0,0,0,0
51839601,15-09-2021,PPFHU,PUBLIC PROVIDENT FUND - HUF,0,0,0,0,0,0
51839601,15-09-2021,RDIPE,RECURRING DEPOSIT- EXCEPTION,0,0,0,0,0,0
51839601,15-09-2021,RDIPN,RECURRING DEPOSIT- NORMAL,0,12,"5,500.00",0,0,0
51839601,15-09-2021,SBSAN,SAVINGS BANK - SANCHAYIKA  WITH CHEQUE BOOK,0,0,0,0,0,0
51839601,15-09-2021,SBSWC,SAVINGS BANK - SANCHAYIKA  WITHOUT CHEQUE,0,0,0,0,0,0
51839601,15-09-2021,SBBAS,SAVINGS BANK -BASIC SAVING ACCOUNT,0,0,0,0,0,0
51839601,15-09-2021,SBCHQ,SAVINGS BANK -GENERAL - WITH CHEQUE BOOK,0,0,0,0,0,0
51839601,15-09-2021,SBGEN,SAVINGS BANK -GENERAL - WITHOUT CHEQUE BOOK,0,4,"15,500.00",1,"1,500.00",0
51839601,15-09-2021,SBDIS,SAVINGS ACCOUNT – DISCONTINUED ACCOUNTS,0,0,0,0,0,0
51839601,15-09-2021,SBPEN,SAVINGS BANK - PENSIONERS WITH CHEQUE BOOK,0,0,0,0,0,0
51839601,15-09-2021,SBPWC,SAVINGS BANK - PENSIONERS WITHOUT CHEQUE BOOK,0,0,0,0,0,0
51839601,15-09-2021,SCDEF,SENIOR CITIZENS SAVINGS SCHEME-RETIRED FROM DEFENCE / NOMINEE,0,0,0,0,0,0
51839601,15-09-2021,SCEXP,SENIOR CITIZENS SAVINGS SCHEME-EXCEPTION,0,0,0,0,0,0
51839601,15-09-2021,SCSCM,SENIOR CITIZENS SAVINGS SCHEME,0,0,0,0,0,0
51839601,15-09-2021,SCVRS,SENIOR CITIZENS SAVINGS SCHEME - VOLUNTARY ,0,0,0,0,0,0
51839601,15-09-2021,SRDEF,SENIOR CITIZENS SAVINGS SCHEME-RETIRED FROM DEFENCE / NOMINEE,0,0,0,0,0,0
51839601,15-09-2021,SRSCM,SENIOR CITIZENS SAVINGS SCHEME,0,0,0,0,0,0
51839601,15-09-2021,SRVRS,SENIOR CITIZENS SAVINGS SCHEME - VOLUNTARY RETIRMENT,0,0,0,0,0,0
51839601,15-09-2021,SSA,SUKANYA SAMRIDDHI YOJANA,0,2,"1,000.00",0,0,0
51839601,15-09-2021,TDIP1,TERM DEPOSIT FOR ONE YEAR,0,0,0,0,0,0
51839601,15-09-2021,TDIP2,TERM DEPOSIT FOR TWO YEAR,0,0,0,0,0,0
51839601,15-09-2021,TDIP3,TERM DEPOSIT FOR THREE YEAR,0,0,0,0,0,0
51839601,15-09-2021,TDIP5,TERM DEPOSIT FOR FIVE YEAR,0,0,0,0,0,0
51839601,15-09-2021,TDIPE,TERM DEPOSIT EXCEPTION,0,0,0,0,0,0
